match_id,period,timestamp_seconds,team,player,event_type,start_x,start_y,end_x,end_y,outcome,possession_id,source_event_id,source
7585,1,0.24,Colombia,Radamel Falcao García Zárate,pass,60.0,40.0,50.0,41.0,successful,2,d4883f20-ce68-4f84-b26a-a049a13cb6be,statsbomb
7585,1,0.48,Colombia,Juan Fernando Quintero Paniagua,carry,50.0,41.0,51.0,40.0,successful,2,b948f032-4c54-4782-a71a-ffeed8908d00,statsbomb
7585,1,2.12,Colombia,Juan Fernando Quintero Paniagua,pass,51.0,40.0,47.0,54.0,successful,2,9bdb71f9-c87b-4a66-96f0-def5312ca921,statsbomb
7585,1,3.44,Colombia,Carlos Alberto Sánchez Moreno,carry,47.0,54.0,49.0,55.0,successful,2,2ffa2904-8b47-4817-af26-aa9ac8d2881a,statsbomb
7585,1,4.2,Colombia,Carlos Alberto Sánchez Moreno,pass,49.0,55.0,65.0,79.0,successful,2,6cb0d85d-bd14-42e3-9c2d-7f99ce437796,statsbomb
7585,1,5.36,Colombia,Santiago Arias Naranjo,carry,65.0,79.0,66.0,78.0,successful,2,e70cdfb1-663c-431d-8a96-8a138a44b5e4,statsbomb
7585,1,6.72,Colombia,Santiago Arias Naranjo,pass,66.0,78.0,96.0,59.0,incomplete,2,f8494960-ec60-4fa4-a565-b3c89757e92b,statsbomb
7585,1,8.52,England,Harry Maguire,pass,25.0,22.0,32.0,2.0,successful,2,d926ec5d-b9f7-43f8-97cd-43632bcd3cb9,statsbomb
7585,1,11.08,England,Bamidele Alli,pass,32.0,2.0,25.0,17.0,incomplete,2,9b85733f-f9cc-4dbf-9890-afa866efddb4,statsbomb
7585,1,12.0,Colombia,Juan Guillermo Cuadrado Bello,carry,96.0,64.0,95.0,64.0,successful,2,974d98ad-9eba-4e88-b26f-90a40f3e3783,statsbomb
7585,1,12.64,Colombia,Juan Guillermo Cuadrado Bello,pass,95.0,64.0,92.0,76.0,successful,2,32082c6b-42b8-489f-bf18-bfc70daa9989,statsbomb
7585,1,13.293,Colombia,Santiago Arias Naranjo,carry,92.0,76.0,89.0,66.0,successful,2,37060498-cdd3-4e2f-82bc-e8e06be44ce6,statsbomb
7585,1,14.64,Colombia,Santiago Arias Naranjo,pass,89.0,66.0,90.0,52.0,incomplete,2,b1c5e067-8adb-4291-af9c-5de3c5902d25,statsbomb
7585,1,15.573,England,Jesse Lingard,carry,31.0,29.0,32.0,26.0,successful,3,98781270-5abf-4f6b-9785-0a03e35f933a,statsbomb
7585,1,16.52,England,Jesse Lingard,pass,32.0,26.0,36.0,28.0,successful,3,6c0e9934-d954-4150-b8a4-293209e8a06e,statsbomb
7585,1,17.12,England,Bamidele Alli,carry,36.0,28.0,36.0,19.0,successful,3,8682cee6-07d2-4a94-b742-27c5ba2e7b0e,statsbomb
7585,1,17.6,England,Bamidele Alli,pass,36.0,19.0,43.0,6.0,successful,3,9e9a7ac6-c840-4f35-907d-dcf5506e5364,statsbomb
7585,1,19.293,England,Harry Kane,carry,43.0,6.0,42.0,3.0,successful,3,094a771f-bad9-48b7-a2f1-f045a596fc5b,statsbomb
7585,1,27.84,Colombia,Yerry Fernando Mina González,pass,47.0,66.0,35.0,27.0,successful,4,b1c35415-0533-49dd-ba1b-43a7f53ee99b,statsbomb
7585,1,29.8,Colombia,Davinson Sánchez Mina,carry,35.0,27.0,36.0,31.0,successful,4,25e4b751-3f39-444c-a597-2418b4fc4fef,statsbomb
7585,1,33.16,Colombia,Davinson Sánchez Mina,pass,36.0,31.0,41.0,58.0,successful,4,740d9ece-9bdd-456f-93b8-39851f1af328,statsbomb
7585,1,34.6,Colombia,Yerry Fernando Mina González,carry,41.0,58.0,42.0,58.0,successful,4,e60a5aed-f303-4971-a96c-297c9e8eb317,statsbomb
7585,1,35.64,Colombia,Yerry Fernando Mina González,pass,42.0,58.0,49.0,65.0,successful,4,7e2e9cdb-334d-4324-a4cb-4f078311f482,statsbomb
7585,1,36.6,Colombia,Carlos Alberto Sánchez Moreno,carry,49.0,65.0,48.0,61.0,successful,4,c76e1041-4e23-490d-b3de-d094d395115f,statsbomb
7585,1,38.56,Colombia,Carlos Alberto Sánchez Moreno,pass,48.0,61.0,34.0,56.0,successful,4,01805b9c-4a96-4630-ab0b-5268dfc074ed,statsbomb
7585,1,39.8,Colombia,Yerry Fernando Mina González,carry,34.0,56.0,34.0,56.0,successful,4,5bf61b62-8f9a-4083-9f74-26a55ea9e549,statsbomb
7585,1,41.68,Colombia,Yerry Fernando Mina González,pass,34.0,56.0,26.0,28.0,successful,4,b4d8569c-7a21-4085-99fd-bcce747273ba,statsbomb
7585,1,43.28,Colombia,Davinson Sánchez Mina,carry,26.0,28.0,26.0,25.0,successful,4,301730ef-7eb2-40ca-8158-0ee1e5533b4d,statsbomb
7585,1,44.6,Colombia,Davinson Sánchez Mina,pass,26.0,25.0,49.0,3.0,successful,4,b7d557fa-b293-44e9-95b1-3abefdf1f22d,statsbomb
7585,1,46.4,Colombia,Jefferson Andrés Lerma Solís,carry,49.0,3.0,45.0,3.0,successful,4,d2b1e16b-cc2a-44d1-bb69-c277c03bd102,statsbomb
7585,1,47.64,Colombia,Jefferson Andrés Lerma Solís,pass,45.0,3.0,28.0,4.0,successful,4,6ea6ac47-6be2-4d01-9fbf-c6250221b373,statsbomb
7585,1,49.36,Colombia,Davinson Sánchez Mina,carry,28.0,4.0,30.0,5.0,successful,4,568256fd-238e-4cc1-9ecc-287a4cf38c09,statsbomb
7585,1,50.28,Colombia,Davinson Sánchez Mina,pass,30.0,5.0,98.0,39.0,incomplete,4,9f0c7a0e-6876-41b9-b3e2-119e8bef75c1,statsbomb
7585,1,56.293,England,Jordan Pickford,carry,23.0,42.0,20.0,40.0,successful,5,973eaa4d-7de5-4af2-9bab-e95e3a982d82,statsbomb
7585,1,57.72,England,Jordan Pickford,pass,20.0,40.0,26.0,47.0,successful,5,69ee621f-4f76-490d-b2f3-cd1967ffc3f6,statsbomb
7585,1,58.893,England,John Stones,carry,26.0,47.0,28.0,49.0,successful,5,0cd6c6a5-b581-4b38-a280-8b0ad41873e9,statsbomb
7585,1,60.56,England,John Stones,pass,28.0,49.0,41.0,52.0,successful,5,361228a9-180c-4693-bdb1-e9ca350711ab,statsbomb
7585,1,61.84,England,Jordan Brian Henderson,pass,40.0,52.0,33.0,44.0,successful,5,25d781ad-d670-4620-b672-83512e3396b5,statsbomb
7585,1,62.84,England,John Stones,carry,33.0,44.0,40.0,35.0,successful,5,f7367a36-91c4-48ce-a92a-e9c1e3197bf0,statsbomb
7585,1,68.03999999999999,England,John Stones,pass,40.0,35.0,58.0,68.0,successful,5,f3c9f183-982d-4ef0-b2fe-2f94066c7673,statsbomb
7585,1,69.52,England,Jesse Lingard,pass,58.0,68.0,49.0,66.0,successful,5,22bd4f9e-51b5-40d8-a43c-ee158b319161,statsbomb
7585,1,71.44,England,Kyle Walker,pass,45.0,65.0,38.0,39.0,successful,5,5017b43b-363d-4b90-b63c-6545a012a70d,statsbomb
7585,1,72.72,England,John Stones,carry,38.0,39.0,37.0,41.0,successful,5,5130bb28-c4eb-4469-aac4-a1111c3f0c7c,statsbomb
7585,1,74.12,England,John Stones,pass,37.0,41.0,52.0,9.0,successful,5,1ea68aa3-f5e5-4bd3-99d0-2f2926835b39,statsbomb
7585,1,76.24,England,Harry Maguire,pass,53.0,11.0,65.0,16.0,successful,5,b0a1b81f-2457-4e27-8bbf-2013828612b4,statsbomb
7585,1,77.48,England,Bamidele Alli,pass,64.0,15.0,65.0,2.0,successful,5,5e0d6a9b-2c71-43a0-9298-26d3877c73c7,statsbomb
7585,1,78.173,England,Ashley Young,carry,65.0,2.0,59.0,3.0,successful,5,e332f346-4be1-43e7-b7c8-f2ee6d58159d,statsbomb
7585,1,79.36,England,Ashley Young,pass,59.0,3.0,37.0,5.0,successful,5,2acec619-2d4a-40cd-97bc-3b8980d9072a,statsbomb
7585,1,81.68,England,Harry Maguire,pass,38.0,5.0,12.0,40.0,successful,5,ac541425-83f8-4b6e-b5e2-508db4ad185a,statsbomb
7585,1,84.68,England,Jordan Pickford,carry,12.0,40.0,13.0,40.0,successful,5,fc32300e-9752-4d6e-8ef1-265f3d46e889,statsbomb
7585,1,85.48,England,Jordan Pickford,pass,13.0,40.0,37.0,79.0,successful,5,b9d9740c-dcb3-4842-b7e5-c528d55e0c48,statsbomb
7585,1,89.08,England,Kieran Trippier,carry,37.0,79.0,37.0,79.0,successful,5,3097b3ce-342f-4e58-8aca-08602f7cef27,statsbomb
7585,1,90.0,England,Kieran Trippier,pass,37.0,79.0,29.0,44.0,successful,5,2cd74659-c553-4905-a318-e3108a276f5d,statsbomb
7585,1,91.93299999999999,England,John Stones,carry,29.0,44.0,44.0,40.0,successful,5,1591ffed-9571-4c33-a01c-8a99ab42f4fe,statsbomb
7585,1,95.92,England,John Stones,pass,44.0,40.0,65.0,30.0,successful,5,e9af9b30-6af0-425a-95da-00dd8d1c620f,statsbomb
7585,1,97.12,England,Raheem Sterling,carry,65.0,30.0,70.0,36.0,successful,5,ec728577-7038-44cc-9191-50df91faa03e,statsbomb
7585,1,99.8,Colombia,Wílmar Enrique Barrios Terán,pass,48.0,43.0,65.0,6.0,incomplete,5,d2791af5-0a21-4476-be1f-e680a76176ab,statsbomb
7585,1,102.68,England,Kyle Walker,carry,56.0,75.0,66.0,78.0,successful,5,2b814da1-8750-434e-bd40-3e727162bb18,statsbomb
7585,1,104.92,England,Kyle Walker,pass,66.0,78.0,87.0,51.0,successful,5,c998d785-f16f-48dd-b65f-eb6f6c835aad,statsbomb
7585,1,106.2,England,Harry Kane,pass,88.0,55.0,97.0,73.0,successful,5,cbe61e6e-672f-41db-8759-d583c258a710,statsbomb
7585,1,107.16,England,Raheem Sterling,carry,97.0,73.0,99.0,73.0,successful,5,d1c50c13-5152-4d16-a66c-e5e0fefbd516,statsbomb
7585,1,109.12,Colombia,Johan Andrés Mojica Palacio,carry,26.0,11.0,20.0,4.0,successful,6,425d32ff-41db-48dc-8e32-78aee2f634a9,statsbomb
7585,1,111.24000000000001,Colombia,Johan Andrés Mojica Palacio,pass,20.0,4.0,41.0,4.0,successful,6,088d6380-acf6-4eff-829e-9c0c297cabe4,statsbomb
7585,1,113.2,Colombia,Radamel Falcao García Zárate,pass,41.0,4.0,32.0,10.0,successful,6,53324bbf-f3df-4587-b695-0883e32048dc,statsbomb
7585,1,114.08,Colombia,Jefferson Andrés Lerma Solís,carry,32.0,10.0,32.0,13.0,successful,6,bf05dad3-e610-4707-88f9-3c4b57608dd2,statsbomb
7585,1,115.08,Colombia,Jefferson Andrés Lerma Solís,pass,32.0,13.0,40.0,25.0,successful,6,af240f9f-a937-45ba-b3fe-bae800ed6068,statsbomb
7585,1,115.92,Colombia,Juan Fernando Quintero Paniagua,carry,40.0,25.0,36.0,40.0,successful,6,0218c203-af11-49d0-b77f-3d339263b1c8,statsbomb
7585,1,118.68,Colombia,Juan Fernando Quintero Paniagua,pass,36.0,40.0,47.0,75.0,successful,6,7e181390-affe-4b0b-8345-9ed13c974d19,statsbomb
7585,1,121.0,Colombia,Santiago Arias Naranjo,carry,47.0,75.0,70.0,74.0,successful,6,96f5c3b9-6489-4f3c-b6c4-0d7f77b4dd31,statsbomb
7585,1,124.92,Colombia,Santiago Arias Naranjo,pass,70.0,74.0,76.0,61.0,successful,6,98f3cb9e-7efe-459f-ae94-54ef64b8dff3,statsbomb
7585,1,125.76,Colombia,Juan Fernando Quintero Paniagua,carry,76.0,61.0,70.0,59.0,successful,6,521e462d-237f-44f3-a83e-945b5ea87925,statsbomb
7585,1,127.32,Colombia,Juan Fernando Quintero Paniagua,pass,70.0,59.0,63.0,30.0,successful,6,41664012-a5fc-4cc2-8c90-1e4dbdf67a6f,statsbomb
7585,1,129.68,Colombia,Wílmar Enrique Barrios Terán,carry,63.0,30.0,63.0,30.0,successful,6,c51c0757-489d-477e-8a7c-dbccfee8d2ba,statsbomb
7585,1,129.73,Colombia,Wílmar Enrique Barrios Terán,pass,63.0,30.0,74.0,4.0,successful,6,3241481d-3743-4078-9952-2561bf7027a6,statsbomb
7585,1,131.52,Colombia,Johan Andrés Mojica Palacio,carry,74.0,4.0,89.0,12.0,successful,6,0d3822e6-69a6-43e3-b8dc-3d75dd3600b4,statsbomb
7585,1,135.44,Colombia,Johan Andrés Mojica Palacio,pass,89.0,12.0,102.0,33.0,incomplete,6,6a1046fa-e847-49ba-8727-a10c4726d5f0,statsbomb
7585,1,140.32,England,Kieran Trippier,pass,27.0,69.0,21.0,63.0,successful,7,35524761-c6dc-4663-8a95-bb273516d34f,statsbomb
7585,1,141.6,England,Kyle Walker,carry,21.0,63.0,21.0,63.0,successful,7,8aaa9198-eb9e-4723-8ddc-beb2ed304fde,statsbomb
7585,1,142.8,England,Kyle Walker,pass,21.0,63.0,31.0,60.0,successful,7,55e02a79-fa8a-4307-a7ad-977b6b4a46a5,statsbomb
7585,1,143.733,England,Jordan Brian Henderson,carry,31.0,60.0,30.0,61.0,successful,7,29b64640-4c37-4930-a721-04bcb651a47b,statsbomb
7585,1,144.44,England,Jordan Brian Henderson,pass,30.0,61.0,25.0,79.0,successful,7,058e4f36-6e0e-494e-aeb3-2f24c44d5399,statsbomb
7585,1,145.64,England,Kieran Trippier,carry,25.0,79.0,26.0,79.0,successful,7,ead43363-9675-4476-97fb-77082b2ad3ad,statsbomb
7585,1,146.32,England,Kieran Trippier,pass,26.0,79.0,18.0,63.0,successful,7,0bb9231c-6df0-49a3-92b6-feda2b2c787f,statsbomb
7585,1,147.32,England,Kyle Walker,carry,18.0,63.0,17.0,64.0,successful,7,29905f72-3169-49ef-91ea-e8ce7ac7ad82,statsbomb
7585,1,148.12,England,Kyle Walker,pass,17.0,64.0,22.0,44.0,successful,7,484c4598-4718-450d-a87b-a53fe0b9c379,statsbomb
7585,1,149.64,England,John Stones,carry,22.0,44.0,23.0,41.0,successful,7,f4dda149-9668-4d6e-a628-a1e764f89215,statsbomb
7585,1,150.24,England,John Stones,pass,23.0,41.0,30.0,26.0,successful,7,c8e54dd1-0a5a-4773-af4d-757749e5935e,statsbomb
7585,1,152.48,England,Harry Maguire,carry,30.0,26.0,32.0,19.0,successful,7,56996242-66ff-4ebe-a230-715a30b3bfc4,statsbomb
7585,1,153.96,England,Harry Maguire,pass,32.0,19.0,39.0,4.0,successful,7,555e08db-e990-4872-9961-a8fc0014c47c,statsbomb
7585,1,155.24,England,Ashley Young,carry,39.0,4.0,34.0,12.0,successful,7,a10ea8db-51e7-4f45-a885-51f6519c862a,statsbomb
7585,1,156.76,England,Ashley Young,pass,34.0,12.0,68.0,29.0,successful,7,6b1060d0-7c46-40e9-92dc-c3089ef04f66,statsbomb
7585,1,158.72,England,Raheem Sterling,carry,68.0,29.0,68.0,25.0,successful,7,086d9fa6-c642-418d-a920-0cd22c0e4274,statsbomb
7585,1,163.56,England,Harry Kane,pass,67.0,19.0,73.0,72.0,successful,8,fa0ec396-9aa6-4531-b247-422b055ae445,statsbomb
7585,1,166.48,England,Kieran Trippier,carry,73.0,72.0,86.0,70.0,successful,8,c36343a5-d519-4bfa-b021-80cf42a16831,statsbomb
7585,1,168.44,England,Kieran Trippier,pass,86.0,70.0,117.0,77.0,incomplete,8,cf647ac6-ea50-482e-ada1-db6df27b8327,statsbomb
7585,1,173.2,Colombia,Davinson Sánchez Mina,carry,4.0,4.0,10.0,3.0,successful,8,c55eb6e3-634d-4692-afc1-302d83d888d9,statsbomb
7585,1,219.36,Colombia,David Ospina Ramírez,pass,17.0,10.0,93.0,10.0,incomplete,9,c1c269bb-64f6-418a-a4d5-364a44599c06,statsbomb
7585,1,224.69299999999998,England,Kyle Walker,carry,28.0,71.0,25.0,66.0,successful,10,78988b15-e11a-4302-be27-bc9577c175d3,statsbomb
7585,1,226.16,England,Kyle Walker,pass,25.0,66.0,9.0,48.0,successful,10,7a9fc410-4054-4dd7-8d0a-d6f6a1bff7f8,statsbomb
7585,1,228.28,England,Jordan Pickford,carry,9.0,48.0,12.0,42.0,successful,10,40be89b1-54a3-499b-8728-6cd5c979841b,statsbomb
7585,1,229.8,England,Jordan Pickford,pass,12.0,42.0,20.0,43.0,successful,10,5c080e4e-1c68-41cc-b90a-a99d03c2d4fa,statsbomb
7585,1,230.96,England,John Stones,carry,20.0,43.0,42.0,49.0,successful,10,1cbc0622-8bbb-410b-9212-e4427d1d0048,statsbomb
7585,1,237.88,England,John Stones,pass,42.0,49.0,50.0,53.0,successful,10,45ed2bc5-d9f7-4a8f-ba91-f21aeba2ae5b,statsbomb
7585,1,238.853,England,Jordan Brian Henderson,carry,50.0,53.0,47.0,52.0,successful,10,307b6593-085b-4e7b-8ae1-5403296b2e45,statsbomb
7585,1,239.68,England,Jordan Brian Henderson,pass,47.0,52.0,17.0,41.0,successful,10,e05746ff-cde9-459d-bdc0-dd6e26eae0bb,statsbomb
7585,1,241.4,England,Jordan Pickford,carry,17.0,41.0,20.0,41.0,successful,10,50ad8a36-119b-4c8a-a396-c3836537d080,statsbomb
7585,1,245.84,England,Jordan Pickford,pass,20.0,41.0,24.0,42.0,successful,10,c29fddc5-c1df-4152-af2c-1d20846d90ab,statsbomb
7585,1,246.853,England,John Stones,carry,24.0,42.0,25.0,42.0,successful,10,da5e8785-7dc1-4926-aad6-364e9f6d483d,statsbomb
7585,1,248.88,England,John Stones,pass,25.0,42.0,9.0,42.0,successful,10,e815e734-c5a9-44b6-bda8-16112c2a78b5,statsbomb
7585,1,250.12,England,Jordan Pickford,carry,9.0,42.0,8.0,42.0,successful,10,7b373cba-588e-4879-bdde-c106f6608d76,statsbomb
7585,1,251.28,England,Jordan Pickford,pass,8.0,42.0,29.0,6.0,successful,10,6738caad-cbe0-4cc6-89de-4210ec30f154,statsbomb
7585,1,253.693,England,Harry Maguire,carry,29.0,6.0,30.0,6.0,successful,10,f97aca2e-820f-48f9-ba80-deafe65949c4,statsbomb
7585,1,254.16,England,Harry Maguire,pass,30.0,6.0,41.0,22.0,successful,10,6b07da49-4d3c-49b6-a633-0e90dfb9b4e2,statsbomb
7585,1,255.44,England,Harry Kane,pass,41.0,18.0,26.0,26.0,successful,10,5deeae33-e46f-4c15-b7aa-8ed12c4e8cb3,statsbomb
7585,1,257.16,England,Harry Maguire,pass,27.0,22.0,50.0,25.0,successful,10,fbc60f6b-4384-4438-9d8e-59db5d5ff794,statsbomb
7585,1,258.453,England,Jordan Brian Henderson,carry,50.0,25.0,55.0,11.0,successful,10,887c7203-6edf-4f53-a680-de0effbcc26c,statsbomb
7585,1,259.92,England,Jordan Brian Henderson,pass,55.0,11.0,70.0,3.0,successful,10,638ce612-b5bb-480b-aeb6-9bf9d5ae12ed,statsbomb
7585,1,260.973,England,Bamidele Alli,carry,70.0,3.0,75.0,3.0,successful,10,dd8ea672-104b-4f29-a81e-f7c681854737,statsbomb
7585,1,263.0,England,Bamidele Alli,pass,78.0,12.0,113.0,17.0,successful,10,041c598d-69ce-48f7-85a9-5c65026c95a4,statsbomb
7585,1,265.48,England,Raheem Sterling,carry,113.0,17.0,113.0,17.0,successful,10,b1347478-ee63-4291-9ece-4226ba3488ec,statsbomb
7585,1,326.96,England,Kieran Trippier,carry,90.0,64.0,91.0,72.0,successful,11,14e6f604-f054-4f25-8ed8-81a9d3d24d28,statsbomb
7585,1,328.96,England,Kieran Trippier,pass,91.0,72.0,113.0,41.0,incomplete,11,ef7e31fc-fa2e-4045-b6bd-1e8af673c850,statsbomb
7585,1,361.04,England,Ashley Young,pass,119.0,1.0,117.0,44.0,incomplete,12,bf664d76-ed4d-4331-a50a-06e55d4fcbea,statsbomb
7585,1,362.84,Colombia,David Ospina Ramírez,carry,4.0,37.0,14.0,31.0,successful,13,4c55fb8a-c521-4f66-8abe-46c2a3e7eb70,statsbomb
7585,1,365.04,Colombia,David Ospina Ramírez,pass,14.0,31.0,33.0,20.0,successful,13,3f1164ec-6b18-4590-b089-3d657985a0ea,statsbomb
7585,1,367.08,Colombia,Johan Andrés Mojica Palacio,carry,33.0,20.0,62.0,25.0,successful,13,c7a50826-ed4a-40de-9c8b-6bd3d96c17a7,statsbomb
7585,1,371.28,England,Kieran Trippier,carry,30.0,68.0,73.0,79.0,successful,14,f0734bf8-1235-4191-b43d-ff1ec93551a2,statsbomb
7585,1,376.0,England,Kieran Trippier,pass,73.0,79.0,93.0,78.0,incomplete,14,edbafd3f-44d4-4ed4-871c-7e5b9343596e,statsbomb
7585,1,400.52,Colombia,Davinson Sánchez Mina,pass,46.0,2.0,58.0,2.0,incomplete,15,12e7a997-c0a4-406e-86c9-4768cb5feb8b,statsbomb
7585,1,402.573,England,Harry Kane,carry,71.0,71.0,71.0,74.0,successful,16,9f487aef-1c1a-4f3f-a86f-10977cf91c0e,statsbomb
7585,1,424.2,England,Kieran Trippier,pass,72.0,74.0,112.0,56.0,successful,17,edff11c8-a899-4562-bc64-a1f583690d88,statsbomb
7585,1,426.44,England,Raheem Sterling,carry,112.0,56.0,112.0,54.0,successful,17,19dcb8e5-9417-4e45-87f7-133df1df6dae,statsbomb
7585,1,477.4,England,Kieran Trippier,pass,119.0,80.0,111.0,41.0,incomplete,18,1e973139-6d38-4192-804f-e0724e401ba9,statsbomb
7585,1,481.253,Colombia,Santiago Arias Naranjo,carry,32.0,40.0,41.0,40.0,successful,19,de9d6a85-0484-4ecc-b137-2b65f3f0da88,statsbomb
7585,1,482.16,Colombia,Santiago Arias Naranjo,pass,41.0,40.0,49.0,57.0,successful,19,b6a452a5-9271-455e-84be-05ba7c83e781,statsbomb
7585,1,483.8,Colombia,Juan Fernando Quintero Paniagua,pass,49.0,57.0,88.0,63.0,successful,19,4f17eb9b-0ac4-4978-a7c7-6d586d6795c2,statsbomb
7585,1,487.24,Colombia,Santiago Arias Naranjo,carry,88.0,63.0,90.0,67.0,successful,19,243f0afe-015a-4f0f-912c-8a7c5ada68d7,statsbomb
7585,1,489.733,Colombia,Santiago Arias Naranjo,pass,90.0,67.0,79.0,63.0,successful,19,5ee98c4e-0295-4be3-8a3f-48d45ff9ebdc,statsbomb
7585,1,490.573,Colombia,Juan Fernando Quintero Paniagua,carry,79.0,63.0,81.0,64.0,successful,19,374567ab-025b-4394-b8d1-ec2998e9845e,statsbomb
7585,1,491.56,Colombia,Juan Fernando Quintero Paniagua,pass,81.0,64.0,94.0,78.0,successful,19,707c7ac4-5c60-4b74-99d8-ac011fd3f789,statsbomb
7585,1,492.56,Colombia,Santiago Arias Naranjo,carry,94.0,78.0,91.0,78.0,successful,19,196b9d9f-ed14-4d3f-b679-089315b8c10e,statsbomb
7585,1,493.96,Colombia,Santiago Arias Naranjo,pass,91.0,78.0,86.0,76.0,successful,19,c7802eb2-c619-4b2c-ba64-a475278670bc,statsbomb
7585,1,495.12,Colombia,Juan Fernando Quintero Paniagua,pass,86.0,76.0,88.0,74.0,incomplete,19,92062a54-b783-48f3-914b-4fe2489e84f5,statsbomb
7585,1,496.64,England,Jesse Lingard,carry,36.0,13.0,45.0,15.0,successful,20,0133b376-426d-4370-bd6c-35e0775bf23f,statsbomb
7585,1,497.92,England,Jesse Lingard,pass,45.0,15.0,59.0,20.0,successful,20,0a3f9504-fb98-41b9-9faa-5116a0b7a98b,statsbomb
7585,1,498.84,England,Harry Kane,pass,59.0,22.0,55.0,16.0,successful,20,3ebf1629-95cb-43f7-b091-f3ac4134f1ec,statsbomb
7585,1,499.413,England,Jesse Lingard,carry,55.0,16.0,63.0,17.0,successful,20,9d8c2c10-3cf8-4845-ab1e-3f8429ae6356,statsbomb
7585,1,506.44,England,Bamidele Alli,pass,77.0,2.0,72.0,10.0,successful,21,a88300f8-30ad-4071-9d7a-ad91021af646,statsbomb
7585,1,507.33299999999997,England,Jesse Lingard,pass,71.0,10.0,82.0,2.0,successful,21,07c91ab3-74ba-4ef9-89b4-62a9b131fc05,statsbomb
7585,1,508.293,England,Bamidele Alli,carry,82.0,2.0,83.0,3.0,successful,21,8b7e3f1e-0c05-4274-bde7-fe5a6ac42ff8,statsbomb
7585,1,508.88,England,Bamidele Alli,pass,83.0,3.0,83.0,3.0,incomplete,21,da8854d3-4ad0-4eb1-b874-a2f75d639e81,statsbomb
7585,1,509.64,Colombia,Carlos Alberto Sánchez Moreno,carry,29.0,70.0,28.0,66.0,successful,22,80d3d066-82c7-413f-99f6-ee377836f2b0,statsbomb
7585,1,511.04,Colombia,Carlos Alberto Sánchez Moreno,pass,28.0,66.0,23.0,50.0,successful,22,ab403f8f-9725-424d-a736-4e6e2daa3bc4,statsbomb
7585,1,512.533,Colombia,Davinson Sánchez Mina,carry,23.0,50.0,23.0,50.0,successful,22,05eb6eed-6b88-402a-a44d-eda8ee4e736a,statsbomb
7585,1,513.28,Colombia,Davinson Sánchez Mina,pass,23.0,50.0,48.0,40.0,successful,22,c5de5350-a22b-4ccc-838b-8387a61dc3cd,statsbomb
7585,1,514.88,Colombia,Juan Guillermo Cuadrado Bello,pass,48.0,40.0,39.0,39.0,successful,22,2f5c86c5-55c9-4f58-8ed4-ec5aa8d2c99c,statsbomb
7585,1,516.36,Colombia,Jefferson Andrés Lerma Solís,pass,39.0,39.0,39.0,6.0,successful,22,5c98d64a-aca3-4a93-8ced-c0fd046f2d83,statsbomb
7585,1,517.76,Colombia,Johan Andrés Mojica Palacio,carry,39.0,6.0,54.0,6.0,successful,22,0a118c49-1560-4d0b-9514-b861cd192cb9,statsbomb
7585,1,521.04,Colombia,Johan Andrés Mojica Palacio,pass,54.0,6.0,63.0,16.0,successful,22,b476c630-19bb-4f29-ba5e-14442056bcd4,statsbomb
7585,1,521.853,Colombia,Juan Guillermo Cuadrado Bello,carry,63.0,16.0,63.0,16.0,successful,22,fb5e3c62-77a4-435c-91bd-6fdb1840c605,statsbomb
7585,1,521.88,Colombia,Juan Guillermo Cuadrado Bello,pass,63.0,16.0,55.0,5.0,successful,22,a7d2a1d2-29ce-41bd-a0ca-ad96bf94c378,statsbomb
7585,1,522.84,Colombia,Johan Andrés Mojica Palacio,carry,55.0,5.0,55.0,5.0,successful,22,c45a5965-cf41-432a-bd95-01620b631f7f,statsbomb
7585,1,523.56,Colombia,Johan Andrés Mojica Palacio,pass,55.0,5.0,46.0,16.0,successful,22,60592aae-55ca-4bd6-8070-e3b178bbe8f0,statsbomb
7585,1,524.493,Colombia,Wílmar Enrique Barrios Terán,carry,46.0,16.0,46.0,20.0,successful,22,6dc2af06-8dc4-402d-9e1c-23d020c10ce1,statsbomb
7585,1,526.04,Colombia,Wílmar Enrique Barrios Terán,pass,46.0,20.0,40.0,49.0,successful,22,88917aa5-decc-4162-8d83-d5e7df11606a,statsbomb
7585,1,528.12,Colombia,Yerry Fernando Mina González,carry,40.0,49.0,40.0,49.0,successful,22,f7360619-73ad-4c5f-bc60-50fc7d142746,statsbomb
7585,1,529.08,Colombia,Yerry Fernando Mina González,pass,40.0,49.0,49.0,59.0,successful,22,34bf3526-ba98-4b17-b832-b60c7e362295,statsbomb
7585,1,530.2,Colombia,Carlos Alberto Sánchez Moreno,carry,49.0,59.0,57.0,63.0,successful,22,d7b2a68f-d943-4845-b426-c90acb2f0808,statsbomb
7585,1,533.76,Colombia,Carlos Alberto Sánchez Moreno,pass,57.0,63.0,67.0,78.0,successful,22,9db9e8aa-970e-447d-ba61-e7715628757f,statsbomb
7585,1,534.733,Colombia,Santiago Arias Naranjo,carry,67.0,78.0,65.0,68.0,successful,22,cb80136a-bfbf-4421-bf39-48f14726dcb3,statsbomb
7585,1,537.48,Colombia,Santiago Arias Naranjo,pass,65.0,68.0,44.0,59.0,successful,22,c2948c18-b0b1-4b31-9844-3ef14e41f38f,statsbomb
7585,1,539.16,Colombia,Yerry Fernando Mina González,carry,44.0,59.0,46.0,57.0,successful,22,31afb0cd-4c8e-4e2b-aedd-bfd9908a9bb8,statsbomb
7585,1,540.32,Colombia,Yerry Fernando Mina González,pass,46.0,57.0,45.0,35.0,successful,22,c1b03e59-1434-4121-a6b1-9be774077b34,statsbomb
7585,1,541.6,Colombia,Davinson Sánchez Mina,carry,45.0,35.0,54.0,27.0,successful,22,115bd8e3-ec4a-4095-b4a2-3d0248dfc1de,statsbomb
7585,1,546.84,Colombia,Davinson Sánchez Mina,pass,54.0,27.0,56.0,3.0,successful,22,2a8f584d-ef78-4ec5-bffc-d5697997228b,statsbomb
7585,1,548.08,Colombia,Johan Andrés Mojica Palacio,carry,56.0,3.0,57.0,5.0,successful,22,7802b8b5-b418-4a1a-bdf0-4e17568521f5,statsbomb
7585,1,549.2,Colombia,Johan Andrés Mojica Palacio,pass,57.0,5.0,62.0,6.0,incomplete,22,51d21ea0-f4e1-4f7c-bc34-82305a43a9ff,statsbomb
7585,1,551.413,England,Harry Kane,carry,69.0,69.0,83.0,63.0,successful,23,c41f1294-36fd-4bde-b11c-2090d64e3f14,statsbomb
7585,1,554.4,England,Harry Kane,pass,83.0,63.0,75.0,50.0,successful,23,818471d2-e7e0-47f1-bf3f-6072de81cd47,statsbomb
7585,1,555.52,England,Jesse Lingard,carry,75.0,50.0,82.0,50.0,successful,23,9becfd3f-2d02-43ee-bb0a-311c3235b01f,statsbomb
7585,1,556.64,England,Jesse Lingard,pass,82.0,50.0,92.0,45.0,successful,23,bc553cd0-a1e3-4e46-8a5f-65ace9b32027,statsbomb
7585,1,557.413,England,Raheem Sterling,pass,92.0,44.0,87.0,40.0,successful,23,bcc8c59c-2c3c-4ff0-b9a7-16d336e23112,statsbomb
7585,1,559.213,England,Jesse Lingard,carry,87.0,40.0,88.0,37.0,successful,23,0af08f07-cd4f-4241-b44d-4ae1ac43041b,statsbomb
7585,1,560.4,England,Jesse Lingard,pass,88.0,37.0,95.0,11.0,successful,23,aeb5193a-b618-4061-a8c9-c79da8ac39f8,statsbomb
7585,1,562.04,England,Ashley Young,carry,95.0,11.0,97.0,14.0,successful,23,6f7bfa50-ba48-42f3-8e76-de4f46380767,statsbomb
7585,1,564.493,England,Ashley Young,carry,97.0,14.0,99.0,15.0,successful,23,788e20df-9abb-4283-acc8-b5a91532e1be,statsbomb
7585,1,565.08,England,Ashley Young,pass,99.0,15.0,106.0,18.0,successful,23,ff231710-6d45-4f87-9e60-a78b744f72b8,statsbomb
7585,1,566.2,England,Raheem Sterling,pass,106.0,18.0,103.0,23.0,incomplete,23,29303e17-7ab3-497b-9c03-70a1a5b4223b,statsbomb
7585,1,596.92,England,Ashley Young,pass,120.0,1.0,115.0,31.0,unknown,24,04a0c5a9-8fbb-4915-926f-b85d9ce60a60,statsbomb
7585,1,642.96,Colombia,David Ospina Ramírez,pass,21.0,35.0,74.0,2.0,incomplete,25,1495448e-9fc5-46f4-93e4-0857d09cce2b,statsbomb
7585,1,645.96,England,Kieran Trippier,pass,47.0,79.0,48.0,79.0,incomplete,25,8da3ede1-6824-4e93-87e4-ff28ba6d6acd,statsbomb
7585,1,654.893,England,Kieran Trippier,pass,56.0,80.0,32.0,78.0,successful,26,3068335f-5888-48c0-b39f-5a91b3403caf,statsbomb
7585,1,656.772,England,Kyle Walker,carry,32.0,78.0,31.0,73.0,successful,26,b08d2f4c-fc9c-445c-b9e6-2b406d9417e5,statsbomb
7585,1,659.28,England,Kyle Walker,pass,31.0,73.0,38.0,49.0,successful,26,1d85a5be-2b34-4a38-98a8-82e98fa7843f,statsbomb
7585,1,660.56,England,John Stones,carry,38.0,49.0,48.0,40.0,successful,26,838f45f0-5c57-4c12-ab09-6488fe67b5ff,statsbomb
7585,1,665.52,England,John Stones,pass,48.0,40.0,68.0,33.0,successful,26,97a03c70-1052-43c7-92fd-22e4cbdbca79,statsbomb
7585,1,666.6,England,Raheem Sterling,carry,68.0,33.0,60.0,34.0,successful,26,aa886c74-fa38-4142-8d84-03b54c856a2f,statsbomb
7585,1,668.44,England,Raheem Sterling,pass,60.0,34.0,42.0,26.0,successful,26,5cba264b-96d5-4e2d-a11a-816e331fac60,statsbomb
7585,1,669.76,England,John Stones,pass,40.0,21.0,48.0,8.0,successful,26,5a23976c-a222-4149-97df-43612d8d8ec7,statsbomb
7585,1,671.4,England,Harry Maguire,pass,48.0,8.0,40.0,23.0,successful,26,fa7c266f-55ce-42b7-9d46-ccd545562e5d,statsbomb
7585,1,672.92,England,John Stones,pass,39.0,23.0,48.0,34.0,successful,26,72a9fe60-d686-4330-beff-4e43405839ba,statsbomb
7585,1,673.853,England,Raheem Sterling,carry,48.0,34.0,49.0,28.0,successful,26,3c53e263-0ba4-4cfa-a08c-bdbfbc219f30,statsbomb
7585,1,674.64,England,Raheem Sterling,pass,49.0,28.0,55.0,8.0,successful,26,72bf6f7c-cf35-4ab7-a471-e019fe0c6e62,statsbomb
7585,1,676.76,England,Harry Maguire,carry,55.0,8.0,56.0,9.0,successful,26,c93fedda-3419-4c55-90f1-e672e7e4deed,statsbomb
7585,1,677.8,England,Harry Maguire,pass,56.0,9.0,38.0,14.0,successful,26,28d9489f-1079-4fd1-a21f-b1b6d954a16c,statsbomb
7585,1,679.0,England,John Stones,carry,38.0,14.0,41.0,32.0,successful,26,95c9f59d-4a62-4e8b-af8a-30135a0c162d,statsbomb
7585,1,686.8,England,John Stones,pass,41.0,32.0,66.0,31.0,successful,26,3a8399bc-a641-4ff3-b538-1ba0800fd92e,statsbomb
7585,1,688.16,England,Harry Kane,carry,66.0,31.0,66.0,30.0,successful,26,06df9b0e-0922-4763-a4d1-b8ea5d3f866f,statsbomb
7585,1,689.32,England,Harry Kane,pass,66.0,30.0,76.0,33.0,successful,26,a7f61857-a9d1-4104-9fbd-63f37f901555,statsbomb
7585,1,690.44,England,Raheem Sterling,carry,76.0,33.0,73.0,29.0,successful,26,93cf38d7-ca51-47a5-acf6-3f7946abb3d8,statsbomb
7585,1,743.96,England,Kieran Trippier,pass,78.0,37.0,112.0,35.0,incomplete,27,62e9bdac-3561-4139-9532-87a041fffa7a,statsbomb
7585,1,747.28,Colombia,Juan Fernando Quintero Paniagua,pass,25.0,50.0,22.0,77.0,successful,28,0492b0a2-317f-402d-81f7-35b613fde7dc,statsbomb
7585,1,749.88,Colombia,Juan Guillermo Cuadrado Bello,carry,22.0,77.0,20.0,77.0,successful,28,5ca88236-8981-40e5-b4a1-37915e1e1995,statsbomb
7585,1,752.08,Colombia,Juan Guillermo Cuadrado Bello,pass,20.0,77.0,12.0,71.0,successful,28,5823ad6b-ba0a-4d22-886c-5c11413f6857,statsbomb
7585,1,752.96,Colombia,Carlos Alberto Sánchez Moreno,pass,12.0,71.0,52.0,67.0,incomplete,28,f138b256-e513-4d46-89ba-3bb945bc61fb,statsbomb
7585,1,754.92,England,Ashley Young,pass,69.0,14.0,98.0,36.0,successful,29,b300bd9d-9b54-45a0-bd6c-1a34dbf96e1c,statsbomb
7585,1,756.413,England,Raheem Sterling,carry,98.0,36.0,98.0,37.0,successful,29,57943ca5-47ff-47e9-bd02-e5ed1ac6fd11,statsbomb
7585,1,766.12,England,Kieran Trippier,pass,76.0,68.0,94.0,80.0,successful,29,56e4afa8-56d0-4f37-9dd6-9e4ddb1e054b,statsbomb
7585,1,768.88,England,Bamidele Alli,pass,93.0,80.0,97.0,77.0,incomplete,29,d10892ef-4532-4882-9e55-0c22d3f6e4b8,statsbomb
7585,1,769.44,Colombia,Johan Andrés Mojica Palacio,carry,24.0,4.0,9.0,4.0,successful,29,bf182549-dd35-418e-9897-ffcd807977b3,statsbomb
7585,1,773.48,Colombia,Johan Andrés Mojica Palacio,pass,9.0,4.0,5.0,13.0,successful,29,b833080c-2b4d-4556-9e7d-c7624ff882fd,statsbomb
7585,1,774.44,Colombia,Davinson Sánchez Mina,pass,5.0,13.0,62.0,8.0,incomplete,29,c6c76647-913d-4b27-957e-d5ef3cdff0e2,statsbomb
7585,1,777.173,England,Kyle Walker,carry,59.0,73.0,47.0,51.0,successful,29,dc617bc1-5945-4beb-90a3-b74290e8ce15,statsbomb
7585,1,779.8,England,Kyle Walker,pass,47.0,51.0,57.0,50.0,successful,29,38270937-731a-4efd-afa3-43face951e00,statsbomb
7585,1,780.96,England,John Stones,pass,57.0,50.0,46.0,45.0,successful,29,92e719b5-3b19-4d85-80a1-c36d30ad23c0,statsbomb
7585,1,781.96,England,Kyle Walker,pass,46.0,45.0,54.0,32.0,successful,29,8a603f1b-b5e1-4a6f-a8e4-a540d11d06ec,statsbomb
7585,1,782.933,England,Harry Maguire,carry,54.0,32.0,52.0,32.0,successful,29,7071428c-39b5-4d51-a980-81e2aa5f1533,statsbomb
7585,1,783.96,England,Harry Maguire,pass,52.0,32.0,62.0,36.0,successful,29,9cca56c1-19d8-49fc-b9a7-9b5f81da747b,statsbomb
7585,1,784.773,England,Jesse Lingard,carry,62.0,36.0,61.0,33.0,successful,29,403e41f8-d7ca-45f5-9e21-bab5fba9cfe4,statsbomb
7585,1,785.24,England,Jesse Lingard,pass,61.0,33.0,45.0,35.0,successful,29,09547379-b6d4-4722-9086-497df1666562,statsbomb
7585,1,786.28,England,Harry Maguire,carry,45.0,35.0,44.0,36.0,successful,29,1758a9cc-5abd-4908-be97-4959dd449727,statsbomb
7585,1,787.493,England,Harry Maguire,pass,44.0,36.0,42.0,44.0,successful,29,83c7b8e1-c729-4b13-a3e8-1645dda0043e,statsbomb
7585,1,788.559,England,John Stones,carry,42.0,44.0,40.0,47.0,successful,29,0148f82e-79f3-4516-b046-06f6cf08fbb9,statsbomb
7585,1,789.56,England,John Stones,pass,40.0,47.0,38.0,57.0,successful,29,2310a828-126c-4873-96fd-4260d062d0dd,statsbomb
7585,1,790.48,England,Kieran Trippier,pass,38.0,58.0,15.0,42.0,successful,29,d28e4cec-624e-42e6-a8da-dd809be179c1,statsbomb
7585,1,792.48,England,Jordan Pickford,carry,15.0,42.0,14.0,31.0,successful,29,288a343b-1a0d-4f72-9bc4-ae2498c38aac,statsbomb
7585,1,794.96,England,Jordan Pickford,pass,14.0,31.0,68.0,21.0,successful,29,33ce317b-d298-4f5d-90c0-6b84d332a2c6,statsbomb
7585,1,797.28,England,Harry Kane,pass,67.0,16.0,79.0,31.0,incomplete,29,db0c14ca-8355-4179-a45e-8fda4a9cae08,statsbomb
7585,1,799.2,Colombia,Davinson Sánchez Mina,carry,42.0,50.0,40.0,53.0,successful,30,a30701ed-884b-42a2-872c-8e7f04f9c783,statsbomb
7585,1,800.493,Colombia,Davinson Sánchez Mina,pass,40.0,53.0,36.0,72.0,successful,30,6135ef99-0b56-46bc-bb84-71580627a5d9,statsbomb
7585,1,801.453,Colombia,Yerry Fernando Mina González,carry,36.0,72.0,36.0,74.0,successful,30,a06a086f-6f62-4bab-9092-6b00d89d901d,statsbomb
7585,1,802.96,Colombia,Yerry Fernando Mina González,pass,36.0,74.0,41.0,74.0,incomplete,30,3a3ffc6d-fd42-4a0f-9467-c00d160011e4,statsbomb
7585,1,804.8,Colombia,Carlos Alberto Sánchez Moreno,pass,51.0,65.0,66.0,63.0,successful,30,31a1aeba-89c1-495d-8f95-261017bc8f00,statsbomb
7585,1,806.12,Colombia,Juan Guillermo Cuadrado Bello,pass,66.0,63.0,68.0,54.0,successful,30,f6f1d4f3-5cf4-4e84-96f4-dde0d98c2a31,statsbomb
7585,1,807.24,Colombia,Juan Fernando Quintero Paniagua,carry,68.0,54.0,79.0,53.0,successful,30,561c6f50-0e86-47b4-9c8f-4b7837144f3b,statsbomb
7585,1,811.0,Colombia,Juan Fernando Quintero Paniagua,pass,79.0,53.0,84.0,77.0,successful,30,872aac91-0d42-4683-acf3-14a443e9b6da,statsbomb
7585,1,812.52,Colombia,Santiago Arias Naranjo,pass,84.0,77.0,75.0,68.0,successful,30,83d9281b-f3ef-491e-aca8-60c268050402,statsbomb
7585,1,814.04,Colombia,Juan Guillermo Cuadrado Bello,carry,75.0,68.0,76.0,61.0,successful,30,26f771b3-becb-4188-aa6d-e3ba3f3beb4e,statsbomb
7585,1,815.08,Colombia,Juan Guillermo Cuadrado Bello,pass,76.0,61.0,75.0,30.0,successful,30,0fde4ac7-1021-447c-85b1-1196918daa58,statsbomb
7585,1,816.96,Colombia,Jefferson Andrés Lerma Solís,carry,75.0,30.0,75.0,27.0,successful,30,6826681a-4a81-41e0-9a33-c4ce891bf4c1,statsbomb
7585,1,818.6,Colombia,Jefferson Andrés Lerma Solís,pass,75.0,27.0,86.0,3.0,successful,30,c724e32e-4966-49cd-91b7-f8f706fd4ce3,statsbomb
7585,1,819.72,Colombia,Johan Andrés Mojica Palacio,carry,86.0,3.0,110.0,3.0,successful,30,24ced207-8c30-4f3a-99d4-cac5200f98d9,statsbomb
7585,1,861.56,England,Kyle Walker,pass,16.0,80.0,50.0,79.0,successful,31,55369679-fdec-49f6-828e-fb75b411f6eb,statsbomb
7585,1,863.32,England,Harry Kane,carry,50.0,79.0,49.0,78.0,successful,31,88e66b7f-2456-48b3-91a8-7a42860a7712,statsbomb
7585,1,881.16,Colombia,Johan Andrés Mojica Palacio,pass,69.0,2.0,73.0,4.0,successful,32,83e9f215-0de8-43cd-9053-d2402fab657e,statsbomb
7585,1,882.04,Colombia,Jefferson Andrés Lerma Solís,pass,73.0,4.0,66.0,2.0,successful,32,bd534f30-245a-4948-b5cb-80c89554fbe6,statsbomb
7585,1,883.013,Colombia,Johan Andrés Mojica Palacio,carry,66.0,2.0,66.0,4.0,successful,32,22c1a37c-0165-495d-b81f-a1040651c88e,statsbomb
7585,1,885.32,Colombia,Johan Andrés Mojica Palacio,pass,66.0,4.0,48.0,4.0,successful,32,f1c7a99e-8c9b-4a95-b1da-ebb07134a7b5,statsbomb
7585,1,886.52,Colombia,Davinson Sánchez Mina,carry,48.0,4.0,48.0,4.0,successful,32,f194cdd9-9286-49df-a152-2ee8cf017f26,statsbomb
7585,1,887.08,Colombia,Davinson Sánchez Mina,pass,48.0,4.0,16.0,24.0,successful,32,20eba82f-5466-4f49-a66b-eeb56f33db3f,statsbomb
7585,1,890.48,Colombia,David Ospina Ramírez,carry,16.0,24.0,14.0,31.0,successful,32,7b2f5d82-a497-4ee3-bfb4-22af4cc4217d,statsbomb
7585,1,892.04,Colombia,David Ospina Ramírez,pass,14.0,31.0,67.0,80.0,out,32,31305a0a-cd57-4183-aa88-0c03682c21dc,statsbomb
7585,1,912.56,England,Jordan Brian Henderson,pass,56.0,2.0,46.0,39.0,successful,33,15a6309e-84f7-442e-8970-bf3775b78849,statsbomb
7585,1,915.04,England,Kyle Walker,carry,46.0,39.0,48.0,39.0,successful,33,be38b7bb-8ac0-44de-9e62-e84897d3b5c8,statsbomb
7585,1,916.24,England,Kyle Walker,pass,48.0,39.0,61.0,73.0,successful,33,92701359-90a4-4319-a038-82a8f90112de,statsbomb
7585,1,917.76,England,Kieran Trippier,carry,61.0,73.0,64.0,73.0,successful,33,7c57dd8f-9ea6-42f4-a17c-e1585f0d766c,statsbomb
7585,1,918.68,England,Kieran Trippier,pass,64.0,73.0,108.0,71.0,successful,33,78e16a36-5874-4067-9030-b8a2abd132bf,statsbomb
7585,1,922.08,England,Jesse Lingard,carry,108.0,71.0,108.0,74.0,successful,33,ead414f7-6973-4dd9-9801-7ede06146a5f,statsbomb
7585,1,925.76,England,Jesse Lingard,pass,108.0,74.0,118.0,64.0,successful,33,aaf38ff3-d43e-4f13-952d-d3c8b8044d1f,statsbomb
7585,1,927.64,England,Kieran Trippier,pass,117.0,63.0,118.0,35.0,successful,33,a8c0ac69-c115-4f44-845f-d984cb490695,statsbomb
7585,1,971.68,Colombia,David Ospina Ramírez,pass,7.0,37.0,73.0,26.0,successful,34,598e5046-3da3-40e0-ae60-d8b5dafff65b,statsbomb
7585,1,975.48,Colombia,Radamel Falcao García Zárate,pass,74.0,30.0,76.0,35.0,incomplete,34,ab37bcf8-ff0e-44dd-ad5b-89693a524467,statsbomb
7585,1,976.293,England,Bamidele Alli,carry,45.0,46.0,45.0,44.0,successful,35,df4d2d68-32ae-445d-990c-ed4bcb5fd071,statsbomb
7585,1,977.0,England,Bamidele Alli,pass,45.0,44.0,33.0,56.0,successful,35,82c3eefb-397b-4584-818e-8962f9a443cf,statsbomb
7585,1,978.12,England,Kyle Walker,carry,33.0,56.0,32.0,57.0,successful,35,b36c1e64-11ec-4d2a-810c-cbb8673c2cb4,statsbomb
7585,1,979.52,England,Kyle Walker,pass,32.0,57.0,26.0,44.0,successful,35,7c917d06-8b99-41cc-a0fc-80e5d62b9ecc,statsbomb
7585,1,980.76,England,John Stones,carry,26.0,44.0,32.0,41.0,successful,35,4ba0597f-321a-4409-b08a-ca541870c6b2,statsbomb
7585,1,983.44,England,John Stones,pass,32.0,41.0,31.0,16.0,successful,35,00b0b3f5-c8ef-4150-bf15-ccc926ea2da9,statsbomb
7585,1,984.96,England,Harry Maguire,carry,31.0,16.0,31.0,14.0,successful,35,1d806718-362c-48c3-ae3d-8fd6ac267801,statsbomb
7585,1,985.84,England,Harry Maguire,pass,31.0,14.0,39.0,4.0,successful,35,8f000e55-b026-496a-b1d2-2fb908a2c7b0,statsbomb
7585,1,987.133,England,Ashley Young,pass,39.0,4.0,63.0,12.0,successful,35,2302c335-9a52-4765-8c05-33af30d2f257,statsbomb
7585,1,988.159,England,Bamidele Alli,carry,63.0,12.0,62.0,12.0,successful,35,aa113c19-6a45-49f2-8e35-2e9bafb66b10,statsbomb
7585,1,988.16,England,Bamidele Alli,pass,62.0,12.0,89.0,23.0,incomplete,35,fe96e170-fafe-40f0-a406-2b9112adc2d6,statsbomb
7585,1,991.4,Colombia,Yerry Fernando Mina González,pass,32.0,58.0,5.0,56.0,successful,36,f078c796-fa6e-4a48-a170-e1acec628a4e,statsbomb
7585,1,994.04,Colombia,David Ospina Ramírez,carry,5.0,56.0,6.0,58.0,successful,36,d0a406e1-583d-4e2e-aed1-1a17aa015202,statsbomb
7585,1,996.64,Colombia,David Ospina Ramírez,pass,6.0,58.0,54.0,62.0,incomplete,36,fafee481-6cb5-4f16-b54a-8fdf1c4bbe22,statsbomb
7585,1,999.56,England,Harry Maguire,pass,75.0,25.0,85.0,31.0,incomplete,36,674557ca-ca8f-440f-9477-1fb5d7658fdf,statsbomb
7585,1,1001.12,Colombia,Wílmar Enrique Barrios Terán,pass,36.0,50.0,45.0,41.0,successful,36,fb05993e-1476-4522-b843-af35a5e58534,statsbomb
7585,1,1002.0,Colombia,Jefferson Andrés Lerma Solís,carry,45.0,41.0,45.0,42.0,successful,36,97bdda99-3997-428a-b208-d8b227863295,statsbomb
7585,1,1003.2,Colombia,Jefferson Andrés Lerma Solís,pass,45.0,42.0,39.0,43.0,successful,36,98e081c9-2290-4530-b1e6-983381da8bb9,statsbomb
7585,1,1004.08,Colombia,Wílmar Enrique Barrios Terán,pass,39.0,43.0,42.0,24.0,successful,36,6f646eed-6dcf-455f-9c41-45968d4ee4cd,statsbomb
7585,1,1006.28,Colombia,Johan Andrés Mojica Palacio,pass,42.0,24.0,26.0,22.0,successful,36,173824ce-69c0-4f52-aa40-0614f0b439b6,statsbomb
7585,1,1007.693,Colombia,Davinson Sánchez Mina,carry,26.0,22.0,26.0,24.0,successful,36,771f9dd3-616e-466c-a657-7ea429a59974,statsbomb
7585,1,1008.56,Colombia,Davinson Sánchez Mina,pass,26.0,24.0,28.0,54.0,successful,36,2213923b-ec83-4d94-a068-9c741ece089e,statsbomb
7585,1,1010.24,Colombia,Yerry Fernando Mina González,carry,28.0,54.0,33.0,56.0,successful,36,6f4bfbee-1197-46d7-b2b3-d168171a3036,statsbomb
7585,1,1011.32,Colombia,Yerry Fernando Mina González,pass,33.0,56.0,45.0,76.0,successful,36,bc9e6587-c721-464a-9ef1-25d0f69d9142,statsbomb
7585,1,1012.8,Colombia,Carlos Alberto Sánchez Moreno,carry,45.0,76.0,45.0,76.0,successful,36,d4fe5251-cf2f-47ce-9e62-6428df1bef1f,statsbomb
7585,1,1013.88,Colombia,Carlos Alberto Sánchez Moreno,pass,45.0,76.0,56.0,67.0,successful,36,9d9a804c-ff58-42c9-9a77-f79b77f7079d,statsbomb
7585,1,1014.92,Colombia,Juan Fernando Quintero Paniagua,pass,56.0,67.0,29.0,52.0,successful,36,819862bb-6bc0-4f3b-bdf7-3656a5008b5a,statsbomb
7585,1,1017.2,Colombia,Yerry Fernando Mina González,carry,29.0,52.0,29.0,54.0,successful,36,81b2a8c1-fe3d-477b-bda2-57129df25f41,statsbomb
7585,1,1019.32,Colombia,Yerry Fernando Mina González,pass,29.0,54.0,38.0,74.0,successful,36,570cbd24-7801-46b4-bdce-25d3d089e56a,statsbomb
7585,1,1020.48,Colombia,Juan Fernando Quintero Paniagua,carry,38.0,74.0,38.0,71.0,successful,36,092b9d13-b967-4244-b1d7-90e660450594,statsbomb
7585,1,1022.08,Colombia,Juan Fernando Quintero Paniagua,pass,38.0,71.0,91.0,64.0,incomplete,36,bcc0a7bc-dc08-497d-8e62-d2916968baee,statsbomb
7585,1,1024.48,England,Harry Maguire,pass,30.0,17.0,49.0,14.0,successful,36,877cd455-fcae-4912-a738-2feef737327c,statsbomb
7585,1,1026.293,England,Jordan Brian Henderson,carry,49.0,14.0,49.0,2.0,successful,36,26dedd96-a631-45b6-931d-f4b8a543ecac,statsbomb
7585,1,1027.72,England,Jordan Brian Henderson,pass,49.0,2.0,61.0,5.0,incomplete,36,55b8c440-6a9e-4421-bd1d-0bbc6467b9ea,statsbomb
7585,1,1028.32,Colombia,Juan Fernando Quintero Paniagua,carry,60.0,76.0,66.0,74.0,successful,36,9c92b538-33a8-4e5a-b260-13c17412f074,statsbomb
7585,1,1031.2,Colombia,Juan Fernando Quintero Paniagua,pass,66.0,74.0,77.0,65.0,successful,36,c994dd8a-111a-457a-9a50-3242d1445d8b,statsbomb
7585,1,1032.173,Colombia,Radamel Falcao García Zárate,carry,77.0,65.0,69.0,57.0,successful,36,d844a743-9047-4570-afa3-c3bb0c4e4b5a,statsbomb
7585,1,1033.56,Colombia,Radamel Falcao García Zárate,pass,69.0,57.0,53.0,65.0,successful,36,580d9a61-f14e-4834-8418-af6f6a2e3e7a,statsbomb
7585,1,1034.733,Colombia,Yerry Fernando Mina González,carry,53.0,65.0,53.0,68.0,successful,36,e18b6dd6-7d0a-4dc8-9e38-011256224609,statsbomb
7585,1,1035.88,Colombia,Yerry Fernando Mina González,pass,53.0,68.0,63.0,77.0,successful,36,ed7e1660-479b-4fd3-a79b-1a72bb277f6e,statsbomb
7585,1,1036.613,Colombia,Carlos Alberto Sánchez Moreno,carry,63.0,77.0,68.0,65.0,successful,36,7e07230e-f4ba-4b87-9020-71b2766f21f8,statsbomb
7585,1,1042.88,Colombia,Carlos Alberto Sánchez Moreno,pass,68.0,65.0,59.0,54.0,successful,36,a5f50962-b95c-4daf-b4b3-88cbc9c1c396,statsbomb
7585,1,1043.773,Colombia,Wílmar Enrique Barrios Terán,carry,59.0,54.0,55.0,55.0,successful,36,c21ea131-c1b2-4fce-a554-cf20aa051edb,statsbomb
7585,1,1045.84,Colombia,Wílmar Enrique Barrios Terán,pass,55.0,55.0,54.0,62.0,successful,36,a68509ea-d8ca-45f7-9201-fd6d143da60e,statsbomb
7585,1,1046.773,Colombia,Yerry Fernando Mina González,carry,54.0,62.0,54.0,62.0,successful,36,bc945730-84ae-45c4-9f92-ee30837246e0,statsbomb
7585,1,1047.48,Colombia,Yerry Fernando Mina González,pass,54.0,62.0,67.0,55.0,successful,36,38db7bcb-cad9-4ab6-984b-95a9e2edfd3f,statsbomb
7585,1,1048.413,Colombia,Carlos Alberto Sánchez Moreno,carry,67.0,55.0,65.0,55.0,successful,36,569c34f4-da44-4bf4-a845-31de9922b190,statsbomb
7585,1,1049.84,Colombia,Carlos Alberto Sánchez Moreno,pass,65.0,55.0,55.0,64.0,successful,36,6c5e13dd-daf6-4239-9195-c3be15bfc4f9,statsbomb
7585,1,1051.12,Colombia,Yerry Fernando Mina González,carry,55.0,64.0,57.0,64.0,successful,36,38876924-9fb1-41c2-a76d-b6ef6fbd070f,statsbomb
7585,1,1054.24,Colombia,Yerry Fernando Mina González,pass,57.0,64.0,80.0,62.0,successful,36,b3f79bae-3cd1-46ba-a928-6b6ee8c0b1e2,statsbomb
7585,1,1055.213,Colombia,Juan Guillermo Cuadrado Bello,carry,80.0,62.0,80.0,62.0,successful,36,92903a94-130e-41e6-8083-1c2f58f3b5f0,statsbomb
7585,1,1055.32,Colombia,Juan Guillermo Cuadrado Bello,pass,80.0,62.0,79.0,79.0,successful,36,d8ade74e-9fd0-48b3-90f5-a6a052a20bd4,statsbomb
7585,1,1056.293,Colombia,Juan Fernando Quintero Paniagua,carry,79.0,79.0,64.0,69.0,successful,36,ea3294e0-1946-4776-b64b-af77105e2762,statsbomb
7585,1,1062.24,Colombia,Juan Fernando Quintero Paniagua,pass,64.0,69.0,73.0,9.0,successful,36,1cb55cfe-9382-4d71-a533-a454905be10d,statsbomb
7585,1,1064.8,Colombia,Johan Andrés Mojica Palacio,carry,73.0,9.0,70.0,4.0,successful,36,c4bbb43e-1aed-40c0-9a6d-e36d8eb2ae7c,statsbomb
7585,1,1067.68,Colombia,Johan Andrés Mojica Palacio,pass,70.0,4.0,61.0,13.0,successful,36,7c57a3c3-2c3c-43a9-8e1e-23fe2224d35d,statsbomb
7585,1,1069.36,Colombia,Jefferson Andrés Lerma Solís,carry,61.0,13.0,56.0,27.0,successful,36,3aa19da1-3282-4478-a3b1-be109bc50110,statsbomb
7585,1,1071.52,Colombia,Jefferson Andrés Lerma Solís,pass,56.0,27.0,51.0,52.0,successful,36,51cb6d02-29b4-424e-be7a-d7ca07b354c7,statsbomb
7585,1,1073.28,Colombia,Yerry Fernando Mina González,carry,51.0,52.0,72.0,56.0,successful,36,f17eb3a5-c50e-4118-8763-0470a971461f,statsbomb
7585,1,1077.08,Colombia,Yerry Fernando Mina González,pass,72.0,56.0,78.0,75.0,successful,36,d404d591-55a8-416c-aeb0-81f4f7c84dc9,statsbomb
7585,1,1077.773,Colombia,Juan Fernando Quintero Paniagua,carry,78.0,75.0,72.0,61.0,successful,36,c638f5d6-b579-4027-8a7f-d2e05dfbf9e9,statsbomb
7585,1,1080.013,Colombia,Juan Fernando Quintero Paniagua,pass,72.0,61.0,115.0,48.0,incomplete,36,c6c2d2ca-0f0d-4067-9bfd-8e34293a44eb,statsbomb
7585,1,1082.853,England,Jordan Pickford,carry,6.0,33.0,16.0,28.0,successful,37,149bc9cd-b649-4bfe-8e17-a048188a5b7a,statsbomb
7585,1,1085.84,England,Jordan Pickford,pass,16.0,28.0,28.0,61.0,successful,37,c2957b8f-51df-4cbb-bd19-389d5a9012dc,statsbomb
7585,1,1087.88,England,Kieran Trippier,pass,27.0,67.0,13.0,59.0,successful,37,18858a6a-977d-41f2-bb23-571ca7169d0e,statsbomb
7585,1,1089.52,England,Kyle Walker,carry,13.0,59.0,31.0,77.0,successful,37,7d619275-64b4-41ce-a898-02b8805a99b0,statsbomb
7585,1,1100.96,England,John Stones,pass,36.0,56.0,48.0,5.0,successful,38,90948e5b-1f4a-47d0-a495-0d6ef26d261f,statsbomb
7585,1,1103.04,England,Ashley Young,carry,48.0,5.0,51.0,8.0,successful,38,95a31d1d-8e3b-4d58-ae82-1b15985d4d54,statsbomb
7585,1,1104.64,England,Ashley Young,pass,51.0,8.0,68.0,26.0,successful,38,4523b243-315d-4168-a206-f28679348528,statsbomb
7585,1,1105.8,England,Harry Kane,carry,68.0,26.0,60.0,27.0,successful,38,bdefa4d4-94f1-4e21-9fb8-c08718caf82e,statsbomb
7585,1,1108.6,England,Harry Kane,pass,60.0,27.0,44.0,32.0,successful,38,abcc35d0-8013-4508-b0b5-0fe175224de9,statsbomb
7585,1,1109.8,England,John Stones,carry,44.0,32.0,46.0,40.0,successful,38,85194438-b538-484d-894f-28393689fe91,statsbomb
7585,1,1111.2,England,John Stones,pass,46.0,40.0,55.0,42.0,successful,38,67f4397c-a288-4ded-83b5-88425d35923f,statsbomb
7585,1,1112.16,England,Jordan Brian Henderson,pass,55.0,42.0,47.0,37.0,successful,38,5f26c385-4f77-4656-97e5-7a661848bdb5,statsbomb
7585,1,1112.96,England,John Stones,carry,47.0,37.0,63.0,35.0,successful,38,49a4b022-9530-421e-826f-c3bb81e0e290,statsbomb
7585,1,1116.88,England,John Stones,pass,63.0,35.0,72.0,41.0,successful,38,6091312e-90c6-4cc4-934d-da8da2198e22,statsbomb
7585,1,1117.76,England,Raheem Sterling,pass,74.0,41.0,74.0,33.0,successful,38,40c09982-6863-4466-8f74-f8017a82b5a1,statsbomb
7585,1,1119.32,England,Harry Kane,carry,74.0,33.0,73.0,32.0,successful,38,64bb7a34-05f5-4311-a8ed-5c6a0439c271,statsbomb
7585,1,1120.08,England,Harry Kane,pass,73.0,32.0,71.0,22.0,successful,38,137c6499-28bc-45b7-b997-ac5d966f7306,statsbomb
7585,1,1121.573,England,Bamidele Alli,carry,71.0,22.0,67.0,23.0,successful,38,cda94133-34d7-42b1-b300-d1156150e7c6,statsbomb
7585,1,1123.12,England,Bamidele Alli,pass,67.0,23.0,56.0,31.0,successful,38,5556bd68-3ed4-4b91-8f4f-18b77ba5388a,statsbomb
7585,1,1124.4,England,John Stones,carry,56.0,31.0,57.0,37.0,successful,38,9a2d0e9a-c7b3-46df-b7e0-a285959d697d,statsbomb
7585,1,1128.52,England,John Stones,pass,57.0,37.0,61.0,13.0,successful,38,7cbbc8ac-5eee-44c1-9643-9261b75d6318,statsbomb
7585,1,1130.44,England,Harry Maguire,carry,61.0,13.0,65.0,17.0,successful,38,cafd67fe-2c25-45cd-ba94-ac602a2bcc35,statsbomb
7585,1,1133.76,England,Harry Maguire,pass,65.0,17.0,84.0,29.0,successful,38,e5b3f1a3-729d-4720-a83b-9df2d11d187d,statsbomb
7585,1,1135.2,England,Harry Kane,pass,84.0,29.0,73.0,28.0,successful,38,e54364a0-af16-47ab-8efc-396d4dbf6ebb,statsbomb
7585,1,1136.12,England,Raheem Sterling,carry,73.0,28.0,78.0,29.0,successful,38,b4f02b1c-82c8-4ca6-bcd8-9795273d36f2,statsbomb
7585,1,1139.653,England,Raheem Sterling,pass,78.0,29.0,83.0,24.0,successful,38,2d68c440-7059-4739-93d0-8c158fd97ba6,statsbomb
7585,1,1140.653,England,Harry Kane,carry,83.0,24.0,86.0,28.0,successful,38,457cb945-8762-4a2e-b7e6-1a3bb0bf692c,statsbomb
7585,1,1143.04,England,Harry Kane,pass,86.0,28.0,104.0,68.0,successful,38,e0591cc4-12a0-45e8-86aa-42a97600a6b2,statsbomb
7585,1,1145.52,England,Kieran Trippier,carry,104.0,68.0,98.0,65.0,successful,38,80f346cc-dcbc-4714-a608-2acdecab40b3,statsbomb
7585,1,1150.293,Colombia,Johan Andrés Mojica Palacio,carry,23.0,16.0,27.0,17.0,successful,38,8187f0c1-fe0c-4ed0-b53e-1bdbd1f0826b,statsbomb
7585,1,1152.08,Colombia,Johan Andrés Mojica Palacio,pass,27.0,17.0,57.0,1.0,out,38,cb8153d9-06b2-4f83-9261-4f0da60903a5,statsbomb
7585,1,1177.88,England,Kieran Trippier,pass,64.0,80.0,49.0,60.0,successful,39,a8189f3e-e51c-4ad6-bd02-ddee0b404acc,statsbomb
7585,1,1180.08,England,John Stones,carry,49.0,60.0,53.0,48.0,successful,39,80e7d8c7-ca39-419f-948a-2b683a0fe970,statsbomb
7585,1,1181.64,England,John Stones,pass,53.0,48.0,60.0,22.0,successful,39,ee61e85e-99f0-4a70-b1fe-19dd7d31d12d,statsbomb
7585,1,1184.4,England,Harry Maguire,carry,60.0,22.0,63.0,20.0,successful,39,b7fbf2be-d657-4880-acc1-6050069b4879,statsbomb
7585,1,1184.76,England,Harry Maguire,pass,63.0,20.0,72.0,22.0,successful,39,f68904df-2ca6-48ed-8914-3bbd56a68753,statsbomb
7585,1,1186.04,England,Bamidele Alli,pass,71.0,20.0,51.0,31.0,successful,39,567a829e-58d2-4096-9f9d-cf5e5ddbafb5,statsbomb
7585,1,1188.16,England,John Stones,carry,51.0,31.0,52.0,37.0,successful,39,de433839-beb7-4e17-b4ae-d044ac5a27c3,statsbomb
7585,1,1191.32,England,John Stones,pass,52.0,37.0,65.0,23.0,successful,39,703201b6-8049-4c40-b667-ea053dbb63ce,statsbomb
7585,1,1192.48,England,Bamidele Alli,pass,63.0,25.0,81.0,28.0,successful,39,ce349318-6628-49da-92f8-25d0af40d544,statsbomb
7585,1,1193.573,England,Jesse Lingard,carry,81.0,28.0,72.0,21.0,successful,39,9437c560-cc78-416f-bada-b9c4dba74b68,statsbomb
7585,1,1196.92,England,Jesse Lingard,pass,72.0,21.0,88.0,15.0,successful,39,0d3e8374-4e25-4552-bfd0-e5a4929487ea,statsbomb
7585,1,1198.013,England,Bamidele Alli,carry,88.0,15.0,95.0,18.0,successful,39,b94e022b-60ab-4991-8c78-c53ca21efd75,statsbomb
7585,1,1199.2,England,Bamidele Alli,pass,95.0,18.0,115.0,21.0,successful,39,1e78d2c6-32ee-4711-89b5-ad872c63a586,statsbomb
7585,1,1201.093,England,Raheem Sterling,carry,115.0,21.0,116.0,19.0,successful,39,2ff250d1-4bc4-4187-9d1c-28e29321b11a,statsbomb
7585,1,1245.36,Colombia,David Ospina Ramírez,pass,7.0,41.0,69.0,28.0,successful,40,40b12863-9586-42ee-949c-4a797eed284c,statsbomb
7585,1,1249.04,Colombia,Jefferson Andrés Lerma Solís,pass,69.0,28.0,80.0,30.0,successful,40,0b64801c-d007-4ba8-9dc5-6ac8a8949b33,statsbomb
7585,1,1249.88,Colombia,Radamel Falcao García Zárate,carry,80.0,30.0,79.0,22.0,successful,40,7f318825-1c25-4bbe-bd22-a4e6a841fcc8,statsbomb
7585,1,1252.213,England,Jesse Lingard,carry,56.0,55.0,58.0,57.0,successful,41,193f1d8f-dbb6-493d-b2aa-cf8011cb01ff,statsbomb
7585,1,1254.213,England,Jordan Brian Henderson,carry,57.0,50.0,61.0,50.0,successful,41,1f6f2fe9-de2c-48d3-993c-c29e3e8e778f,statsbomb
7585,1,1254.8,England,Jordan Brian Henderson,pass,61.0,50.0,70.0,32.0,successful,41,d99ec947-331b-4f54-bda5-a458bf73c456,statsbomb
7585,1,1256.28,England,Raheem Sterling,carry,70.0,32.0,67.0,31.0,successful,41,dc7162dd-13b9-41c5-a7dd-a28e4603c9f5,statsbomb
7585,1,1258.44,England,Raheem Sterling,pass,67.0,31.0,98.0,60.0,successful,41,8d444bab-17b6-43a1-90e6-e12410e18256,statsbomb
7585,1,1260.8,England,Harry Kane,carry,98.0,60.0,97.0,59.0,successful,41,a6b99b36-0515-4baf-8a9f-99dd9fa1a478,statsbomb
7585,1,1261.12,Colombia,Davinson Sánchez Mina,carry,23.0,21.0,20.0,25.0,successful,42,3de89a09-9d0e-41d3-83c2-6da57d9e7b31,statsbomb
7585,1,1262.54,Colombia,Davinson Sánchez Mina,pass,20.0,25.0,52.0,33.0,successful,42,2a46e4e5-0333-4f19-89fa-ca8706d5317e,statsbomb
7585,1,1265.24,Colombia,Radamel Falcao García Zárate,pass,52.0,34.0,38.0,62.0,successful,42,9fa26ac3-7f8b-429b-8eed-c2b4e52dc0cf,statsbomb
7585,1,1268.16,Colombia,Carlos Alberto Sánchez Moreno,carry,38.0,62.0,42.0,70.0,successful,42,7ab4d857-af70-406b-ab43-55f1a6880046,statsbomb
7585,1,1269.48,Colombia,Carlos Alberto Sánchez Moreno,pass,42.0,70.0,53.0,77.0,successful,42,d8948902-4824-47ec-b7d6-3e925d54f53d,statsbomb
7585,1,1270.653,Colombia,Juan Guillermo Cuadrado Bello,carry,53.0,77.0,94.0,71.0,successful,42,0c33e00a-a91a-4fa3-964a-b3e22964a037,statsbomb
7585,1,1278.68,Colombia,Juan Guillermo Cuadrado Bello,pass,94.0,71.0,93.0,76.0,successful,42,d23eeb8f-44cb-4033-893c-37ef7aff0531,statsbomb
7585,1,1280.093,Colombia,Santiago Arias Naranjo,carry,93.0,76.0,91.0,75.0,successful,42,bcbb143b-f364-4f92-bfa4-d039e842dcb9,statsbomb
7585,1,1280.72,Colombia,Santiago Arias Naranjo,pass,91.0,75.0,83.0,76.0,successful,42,2bafbbdb-54b8-4634-b666-72b97eb27b93,statsbomb
7585,1,1281.893,Colombia,Juan Fernando Quintero Paniagua,carry,83.0,76.0,86.0,64.0,successful,42,58352ebe-9b33-415f-ae60-87c1f778f83b,statsbomb
7585,1,1289.16,Colombia,Juan Fernando Quintero Paniagua,pass,86.0,64.0,86.0,56.0,successful,42,3d28ec3f-5d35-4a29-a331-9a27b9a900d2,statsbomb
7585,1,1289.693,Colombia,Juan Guillermo Cuadrado Bello,carry,86.0,56.0,77.0,41.0,successful,42,5db02447-52de-4008-bb2c-db385f507bbe,statsbomb
7585,1,1295.76,Colombia,Juan Guillermo Cuadrado Bello,pass,77.0,41.0,64.0,30.0,successful,42,edc45749-cdbf-4ce1-b766-0e64dffa920a,statsbomb
7585,1,1297.4,Colombia,Davinson Sánchez Mina,carry,64.0,30.0,64.0,30.0,successful,42,b0d7e987-bba7-4681-a3a2-6728d0fd06b7,statsbomb
7585,1,1298.8,Colombia,Davinson Sánchez Mina,pass,64.0,30.0,62.0,42.0,successful,42,0832da02-eb78-4d9a-9cd1-bf1b41e63426,statsbomb
7585,1,1299.64,Colombia,Wílmar Enrique Barrios Terán,carry,62.0,42.0,59.0,47.0,successful,42,58868de6-3011-40ed-b574-b8135783b60f,statsbomb
7585,1,1301.8,Colombia,Wílmar Enrique Barrios Terán,pass,59.0,47.0,67.0,76.0,successful,42,31635cee-0f66-46ab-b865-e67b894f958c,statsbomb
7585,1,1303.455,Colombia,Carlos Alberto Sánchez Moreno,carry,67.0,76.0,79.0,75.0,successful,42,9de1f5f9-f9dc-4c1a-8e79-159a5bfa5eb7,statsbomb
7585,1,1307.24,Colombia,Carlos Alberto Sánchez Moreno,pass,79.0,75.0,94.0,43.0,successful,42,75891e79-0751-48ab-a2d3-3a32578e5f52,statsbomb
7585,1,1308.333,Colombia,Radamel Falcao García Zárate,carry,94.0,43.0,88.0,40.0,successful,42,17ed9a91-b211-4532-95f2-70e068743c05,statsbomb
7585,1,1310.12,Colombia,Radamel Falcao García Zárate,pass,88.0,40.0,83.0,47.0,successful,42,82b097b1-572b-44cf-8829-fc24b2358cd6,statsbomb
7585,1,1310.68,Colombia,Juan Fernando Quintero Paniagua,pass,83.0,47.0,93.0,51.0,successful,42,ac6cc4d3-7834-4acb-a70a-30e3b013faf3,statsbomb
7585,1,1311.493,Colombia,Juan Guillermo Cuadrado Bello,carry,93.0,51.0,97.0,56.0,successful,42,fa02aa82-1943-4038-920e-7e06463e1882,statsbomb
7585,1,1317.48,Colombia,Johan Andrés Mojica Palacio,carry,91.0,19.0,90.0,18.0,successful,42,a712aa66-a4ad-4a1f-ab87-2e7f6356b102,statsbomb
7585,1,1343.68,England,John Stones,pass,30.0,35.0,36.0,14.0,successful,43,5a626897-438b-4ea3-8168-f911cbb8e001,statsbomb
7585,1,1345.56,England,Harry Maguire,pass,36.0,14.0,34.0,24.0,successful,43,891f6455-665d-4ecf-acbc-06445442a3a9,statsbomb
7585,1,1346.8,England,John Stones,carry,34.0,24.0,49.0,40.0,successful,43,79512107-f626-46e6-9578-5f3d5b23b658,statsbomb
7585,1,1352.68,England,John Stones,pass,49.0,40.0,64.0,62.0,successful,43,aadbbb69-43db-4eee-b247-e146ae899742,statsbomb
7585,1,1354.8,England,Jesse Lingard,pass,65.0,63.0,57.0,68.0,successful,43,d524fb5a-478a-48f5-a846-7d8f0018f435,statsbomb
7585,1,1356.16,England,Kyle Walker,pass,57.0,67.0,48.0,43.0,successful,43,cec3ac05-caf4-4d1f-a8e6-bfb0111a0161,statsbomb
7585,1,1358.12,England,John Stones,carry,48.0,43.0,51.0,43.0,successful,43,3d737fb9-647c-4369-9e55-ba5450d0c8d5,statsbomb
7585,1,1359.16,England,John Stones,pass,51.0,43.0,59.0,18.0,successful,43,5f658405-1a8e-42a7-822b-9fd3ab2341a4,statsbomb
7585,1,1360.84,England,Harry Maguire,carry,59.0,18.0,59.0,18.0,successful,43,8612300f-4242-4dda-8242-71c2721d5fea,statsbomb
7585,1,1362.2,England,Harry Maguire,pass,59.0,18.0,70.0,13.0,successful,43,2738c18a-c853-4eb1-9bdd-147d88db3f3a,statsbomb
7585,1,1363.24,England,Bamidele Alli,pass,69.0,15.0,55.0,12.0,successful,43,0f267609-cf10-40aa-97cb-e716cae2d1cd,statsbomb
7585,1,1364.56,England,Harry Maguire,carry,55.0,12.0,51.0,13.0,successful,43,7ee279ed-0b3b-4e75-89b1-44df37fbf357,statsbomb
7585,1,1366.56,England,Harry Maguire,pass,51.0,13.0,75.0,24.0,successful,43,d8e145a2-aaa8-4914-bba5-be9e73dddfc5,statsbomb
7585,1,1368.28,England,Jesse Lingard,carry,75.0,24.0,78.0,19.0,successful,43,5fd40721-44ba-47ac-ac6b-f73a62c1c2c1,statsbomb
7585,1,1369.16,England,Jesse Lingard,pass,78.0,19.0,86.0,3.0,successful,43,3719bb8d-08de-428e-98a2-0afe5db8bf9a,statsbomb
7585,1,1370.16,England,Ashley Young,carry,86.0,3.0,79.0,5.0,successful,43,00a3dcce-24a6-4d27-9933-b873769c44c9,statsbomb
7585,1,1375.72,Colombia,Juan Fernando Quintero Paniagua,carry,49.0,78.0,63.0,73.0,successful,44,e7480979-eda5-4f1c-9d6c-8aaf67900800,statsbomb
7585,1,1377.88,Colombia,Juan Fernando Quintero Paniagua,pass,63.0,73.0,81.0,69.0,successful,44,e613efdd-669a-497a-b98a-400889d2d1e4,statsbomb
7585,1,1379.213,Colombia,Juan Guillermo Cuadrado Bello,carry,81.0,69.0,85.0,67.0,successful,44,6725926e-e6d7-4cba-b70e-780e52159879,statsbomb
7585,1,1380.92,Colombia,Juan Guillermo Cuadrado Bello,pass,85.0,67.0,98.0,40.0,incomplete,44,0f0b5317-f5cb-4fc3-a776-307dd596bc9b,statsbomb
7585,1,1385.36,England,Jordan Brian Henderson,pass,33.0,48.0,62.0,49.0,incomplete,44,dc5b8312-f54a-4a4a-ae09-106437b876e3,statsbomb
7585,1,1387.92,Colombia,Davinson Sánchez Mina,pass,59.0,32.0,69.0,31.0,successful,44,2897a228-ca15-48b5-b3c3-f723a688a389,statsbomb
7585,1,1389.56,Colombia,Jefferson Andrés Lerma Solís,pass,69.0,31.0,75.0,2.0,successful,44,12bb3a17-961e-44c9-88e4-aec5f3294b54,statsbomb
7585,1,1392.76,Colombia,Johan Andrés Mojica Palacio,carry,75.0,2.0,80.0,2.0,successful,44,19da1644-4fa7-417b-9598-9d85d3d7a376,statsbomb
7585,1,1400.68,Colombia,Johan Andrés Mojica Palacio,pass,81.0,2.0,72.0,4.0,successful,45,2687d563-7ff2-4f13-9b6e-81b67f5fa80c,statsbomb
7585,1,1401.653,Colombia,Jefferson Andrés Lerma Solís,carry,72.0,4.0,72.0,4.0,successful,45,e98b9cd2-b31a-4dc6-967f-1da52a11bf94,statsbomb
7585,1,1402.533,Colombia,Jefferson Andrés Lerma Solís,pass,72.0,4.0,79.0,2.0,successful,45,6486dff3-8e71-4b2c-ad63-a2eb162936a3,statsbomb
7585,1,1403.093,Colombia,Johan Andrés Mojica Palacio,carry,79.0,2.0,76.0,2.0,successful,45,a5c71bdb-4ad8-4136-9b4b-1749305bc352,statsbomb
7585,1,1404.52,Colombia,Johan Andrés Mojica Palacio,pass,76.0,2.0,71.0,8.0,successful,45,60c30c93-baa8-4d1e-894e-07dd29708bd1,statsbomb
7585,1,1405.333,Colombia,Jefferson Andrés Lerma Solís,carry,71.0,8.0,68.0,24.0,successful,45,4d7045bc-da63-47ec-b766-da5ba66556e2,statsbomb
7585,1,1408.0,Colombia,Jefferson Andrés Lerma Solís,pass,68.0,24.0,48.0,42.0,successful,45,4723a975-f8c6-463d-89d3-5c98ea9fa8da,statsbomb
7585,1,1409.613,Colombia,Yerry Fernando Mina González,carry,48.0,42.0,52.0,45.0,successful,45,55540b38-dd40-418a-8074-f0b2ac9fb198,statsbomb
7585,1,1410.8,Colombia,Yerry Fernando Mina González,pass,52.0,45.0,64.0,58.0,successful,45,b9670e77-5cb2-4eba-b3be-6b0e6fb81b0a,statsbomb
7585,1,1411.973,Colombia,Juan Guillermo Cuadrado Bello,carry,64.0,58.0,59.0,58.0,successful,45,b4521177-ca9c-4cfb-b74a-fda950011c91,statsbomb
7585,1,1413.533,Colombia,Juan Guillermo Cuadrado Bello,pass,59.0,58.0,52.0,40.0,successful,45,1007fe47-c1ae-4bec-ba89-cd53a6049d9c,statsbomb
7585,1,1414.933,Colombia,Wílmar Enrique Barrios Terán,carry,52.0,40.0,52.0,41.0,successful,45,6062ad14-0848-49b0-8719-52cabf041238,statsbomb
7585,1,1417.453,Colombia,Wílmar Enrique Barrios Terán,pass,52.0,41.0,64.0,34.0,successful,45,567c0f03-0246-4645-a2fd-5f31d934377e,statsbomb
7585,1,1418.613,Colombia,Jefferson Andrés Lerma Solís,carry,64.0,34.0,66.0,37.0,successful,45,56745d3d-f559-4baf-8e14-c1f981dcf2e0,statsbomb
7585,1,1419.933,Colombia,Jefferson Andrés Lerma Solís,pass,66.0,37.0,101.0,70.0,successful,45,5e0ffc44-a647-4c3f-bdcc-79bf4682d12b,statsbomb
7585,1,1422.52,Colombia,Santiago Arias Naranjo,pass,101.0,70.0,85.0,78.0,successful,45,ed234147-02dd-4b66-95f8-a72e3a91fcd8,statsbomb
7585,1,1425.72,Colombia,Juan Guillermo Cuadrado Bello,carry,85.0,78.0,88.0,78.0,successful,45,420541cc-06e2-4e15-aae8-6f3bd54928b3,statsbomb
7585,1,1427.92,Colombia,Juan Guillermo Cuadrado Bello,carry,88.0,78.0,95.0,78.0,successful,45,c5dbb80a-787d-4bb8-9d82-7d3cd6646f2d,statsbomb
7585,1,1430.4,Colombia,Juan Guillermo Cuadrado Bello,pass,95.0,78.0,92.0,72.0,successful,45,bbdb08df-a9f0-44ba-ae81-0119967ec7f3,statsbomb
7585,1,1431.08,Colombia,Santiago Arias Naranjo,carry,92.0,72.0,91.0,67.0,successful,45,9a34dbd8-a85a-41c9-9325-747fafd8c5fd,statsbomb
7585,1,1432.6,Colombia,Santiago Arias Naranjo,pass,91.0,67.0,85.0,59.0,successful,45,e1c94145-6b52-406e-8d3c-3ba049516a2c,statsbomb
7585,1,1433.293,Colombia,Juan Fernando Quintero Paniagua,carry,85.0,59.0,90.0,59.0,successful,45,efc85cb8-3a4d-4537-b205-35dd9bd4137f,statsbomb
7585,1,1436.48,Colombia,Juan Fernando Quintero Paniagua,pass,90.0,59.0,103.0,61.0,successful,45,da709bc7-1ac1-4926-b4b8-d15be47a6b20,statsbomb
7585,1,1437.2,Colombia,Santiago Arias Naranjo,carry,103.0,61.0,106.0,62.0,successful,45,1fe86e47-2a1c-4fb8-abf2-20ac52576dbd,statsbomb
7585,1,1438.6,England,Harry Maguire,carry,8.0,19.0,6.0,7.0,successful,45,86dc207b-d179-4692-b288-3a6679a60b27,statsbomb
7585,1,1440.52,England,Harry Maguire,pass,6.0,7.0,67.0,24.0,incomplete,45,804f33ff-b19e-4a98-adad-e2a76343b203,statsbomb
7585,1,1444.293,Colombia,Yerry Fernando Mina González,carry,54.0,57.0,55.0,54.0,successful,45,45411d5f-29b4-48a2-8b63-87c06f8c620b,statsbomb
7585,1,1446.64,Colombia,Yerry Fernando Mina González,pass,55.0,54.0,50.0,28.0,successful,45,a2c3e93b-f5af-4741-94d0-a8de2a7b0633,statsbomb
7585,1,1448.533,Colombia,Davinson Sánchez Mina,carry,50.0,28.0,54.0,31.0,successful,45,00fd6c2b-2712-4be9-a86b-8448f41701d2,statsbomb
7585,1,1452.16,Colombia,Davinson Sánchez Mina,pass,54.0,31.0,54.0,57.0,successful,45,5f966cae-32d3-4219-aef3-95d40107720c,statsbomb
7585,1,1453.76,Colombia,Yerry Fernando Mina González,carry,54.0,57.0,61.0,58.0,successful,45,56d274a6-1322-4cbc-a23d-8f8ec297305a,statsbomb
7585,1,1455.96,Colombia,Yerry Fernando Mina González,pass,61.0,58.0,74.0,77.0,successful,45,4e363470-9416-443b-9bd6-f9f2d6f567db,statsbomb
7585,1,1457.16,Colombia,Juan Guillermo Cuadrado Bello,carry,74.0,77.0,76.0,77.0,successful,45,0ddf1c3e-be5c-42c6-8614-51780b90be6b,statsbomb
7585,1,1461.08,Colombia,Juan Guillermo Cuadrado Bello,pass,76.0,77.0,57.0,62.0,successful,45,f39777c4-cce8-474b-9c94-465c23c5957f,statsbomb
7585,1,1462.64,Colombia,Yerry Fernando Mina González,carry,57.0,62.0,57.0,62.0,successful,45,23059ad6-ca06-40c2-8b5b-4433584d8c45,statsbomb
7585,1,1463.8,Colombia,Yerry Fernando Mina González,pass,57.0,62.0,65.0,52.0,successful,45,cb39d4f9-dc3e-445d-9e07-3476d011eef4,statsbomb
7585,1,1464.813,Colombia,Wílmar Enrique Barrios Terán,carry,65.0,52.0,65.0,52.0,successful,45,c723f9c6-fffe-4207-aa6b-902036f9af90,statsbomb
7585,1,1466.16,Colombia,Wílmar Enrique Barrios Terán,pass,65.0,52.0,72.0,50.0,successful,45,572f5b8f-df53-42c8-972a-5f4157b699f5,statsbomb
7585,1,1467.16,Colombia,Carlos Alberto Sánchez Moreno,pass,72.0,50.0,54.0,33.0,successful,45,0dafad73-bbf0-44a4-a23b-74ae58a39553,statsbomb
7585,1,1469.213,Colombia,Davinson Sánchez Mina,carry,54.0,33.0,55.0,31.0,successful,45,414a2636-476e-422b-b591-ca6f5618ed0a,statsbomb
7585,1,1469.76,Colombia,Davinson Sánchez Mina,pass,55.0,31.0,65.0,17.0,successful,45,deea88f5-ef5e-49ac-85e7-edcb970c9bdf,statsbomb
7585,1,1471.0,Colombia,Jefferson Andrés Lerma Solís,carry,65.0,17.0,66.0,24.0,successful,45,be15d318-b239-439b-8aa7-b2f08c95273f,statsbomb
7585,1,1474.56,Colombia,Jefferson Andrés Lerma Solís,pass,66.0,24.0,75.0,80.0,out,45,d4248051-19fb-48d4-a9e6-0483095063ed,statsbomb
7585,1,1488.8,England,Ashley Young,pass,48.0,2.0,32.0,1.0,successful,46,4e01b655-ca74-4084-93f1-d7a208adafa0,statsbomb
7585,1,1490.653,England,Harry Maguire,carry,32.0,1.0,30.0,7.0,successful,46,bde6423f-ab50-4792-a306-658c8f365d3f,statsbomb
7585,1,1492.64,England,Harry Maguire,pass,30.0,7.0,30.0,36.0,successful,46,9f576c0e-e388-4313-a62f-4d094581e9db,statsbomb
7585,1,1494.04,England,John Stones,carry,30.0,36.0,48.0,38.0,successful,46,326603fc-4423-4c70-b02f-8aa6824f7510,statsbomb
7585,1,1499.76,England,John Stones,pass,48.0,38.0,45.0,13.0,successful,46,4957d49b-979b-410f-87b7-79bf36dc126c,statsbomb
7585,1,1501.84,England,Harry Maguire,carry,45.0,13.0,37.0,13.0,successful,46,8979a0e4-a8cf-4fe3-a001-5f9bdf8c1ac4,statsbomb
7585,1,1503.28,England,Harry Maguire,pass,37.0,13.0,14.0,33.0,successful,46,86c20a3e-1982-4b5a-b71b-2f753b3456cc,statsbomb
7585,1,1505.36,England,Jordan Pickford,pass,14.0,32.0,85.0,20.0,successful,46,e5472dda-9406-4714-bf81-cbf943ffd022,statsbomb
7585,1,1511.893,England,Raheem Sterling,carry,85.0,20.0,85.0,20.0,successful,46,b7e5d009-b3f7-443c-bee2-4dcfc3af0820,statsbomb
7585,1,1514.04,England,Harry Kane,pass,88.0,15.0,91.0,7.0,incomplete,46,ca719760-6c91-471b-b95c-86111b3dc810,statsbomb
7585,1,1515.6,Colombia,Santiago Arias Naranjo,carry,30.0,74.0,28.0,75.0,successful,46,a5df2878-a6b9-4c5d-a276-5ea0f7ff2c8b,statsbomb
7585,1,1516.4,Colombia,Santiago Arias Naranjo,pass,28.0,75.0,30.0,74.0,incomplete,46,6f477b3f-4d7e-41a4-900a-7a07bd88fce8,statsbomb
7585,1,1520.453,England,Bamidele Alli,carry,85.0,11.0,85.0,4.0,successful,46,599c3962-d4c5-4ceb-b0a0-b9bae58a7c48,statsbomb
7585,1,1569.053,England,Ashley Young,pass,86.0,6.0,114.0,50.0,incomplete,47,e8020191-8a93-4e47-ab5c-45b5f411bcd4,statsbomb
7585,1,1626.973,England,Kieran Trippier,pass,119.0,80.0,112.0,49.0,incomplete,48,fa688f4e-19b7-44ad-b37a-37788fb2f2a6,statsbomb
7585,1,1629.84,Colombia,Radamel Falcao García Zárate,pass,33.0,33.0,61.0,66.0,incomplete,48,14b0de92-db72-4dc7-9d9d-8640e17ff586,statsbomb
7585,1,1634.84,England,Kyle Walker,pass,60.0,15.0,17.0,20.0,successful,48,1c28bc26-a364-4f8a-afe2-9a04ec46e554,statsbomb
7585,1,1637.055,England,Jordan Pickford,carry,17.0,20.0,19.0,12.0,successful,48,ee5ddaa5-3a20-4431-85af-c8ba5083c383,statsbomb
7585,1,1639.84,England,Jordan Pickford,pass,19.0,12.0,23.0,7.0,successful,48,403ed8da-f7b4-44e8-a928-4bc5b8fb3697,statsbomb
7585,1,1640.573,England,Kyle Walker,carry,23.0,7.0,24.0,8.0,successful,48,3735d8ff-e0ff-4686-ae5a-76aa609cad81,statsbomb
7585,1,1642.0,England,Kyle Walker,pass,24.0,8.0,35.0,17.0,successful,48,5e3686e5-5811-44f0-ac10-51bf643b62d9,statsbomb
7585,1,1643.56,England,John Stones,pass,36.0,16.0,25.0,21.0,successful,48,c940b786-f7df-4bda-85b0-d6cc3e9c84af,statsbomb
7585,1,1645.333,England,Kyle Walker,pass,25.0,22.0,31.0,53.0,successful,48,943571fc-974d-4bee-9f68-e5f8c7ee79e4,statsbomb
7585,1,1647.359,England,Ashley Young,carry,31.0,53.0,35.0,53.0,successful,48,896c8ddd-c1a3-40a2-b507-7cc15b02e855,statsbomb
7585,1,1650.535,England,Ashley Young,pass,35.0,53.0,39.0,32.0,successful,48,94819569-7c43-421b-b1c0-95a11010ebda,statsbomb
7585,1,1652.04,England,John Stones,carry,39.0,32.0,44.0,27.0,successful,48,e0637ff6-8ef1-481e-b263-d4ec3e0a380c,statsbomb
7585,1,1655.0,England,John Stones,pass,44.0,27.0,56.0,23.0,successful,48,45f7ac04-dd37-4672-a21b-29d9715bcf5a,statsbomb
7585,1,1656.44,England,Jesse Lingard,pass,55.0,24.0,39.0,19.0,successful,48,d9d9f750-09bc-45c8-8ed8-74989fb23ad4,statsbomb
7585,1,1657.76,England,Ashley Young,carry,39.0,19.0,40.0,18.0,successful,48,2572edd0-3f0e-48da-abb9-3e0571b0c692,statsbomb
7585,1,1658.28,England,Ashley Young,pass,40.0,18.0,49.0,5.0,successful,48,ffbea246-4a23-4e27-acb7-3d18530d67cd,statsbomb
7585,1,1659.68,England,Harry Maguire,carry,49.0,5.0,47.0,7.0,successful,48,c7136084-ae21-43bb-b70f-edeb0cf2c56b,statsbomb
7585,1,1660.96,England,Harry Maguire,pass,47.0,7.0,53.0,23.0,successful,48,b0a38ed7-e00f-427f-95e1-5b377acf7638,statsbomb
7585,1,1662.28,England,Jesse Lingard,pass,53.0,21.0,32.0,18.0,successful,48,4716576e-b2e2-4a99-b159-6cc82f53b932,statsbomb
7585,1,1664.0,England,Ashley Young,carry,32.0,18.0,42.0,23.0,successful,48,3533fd8c-c62e-41d6-9071-8f9a5cbac30b,statsbomb
7585,1,1671.12,England,Ashley Young,pass,42.0,23.0,65.0,2.0,successful,48,6520551b-a67b-45ca-82d1-cd1b000e4e3e,statsbomb
7585,1,1673.84,England,Harry Maguire,pass,65.0,2.0,84.0,3.0,incomplete,48,157f58a5-3933-4071-a21e-d992f11ffb34,statsbomb
7585,1,1694.96,England,Ashley Young,pass,89.0,3.0,85.0,13.0,successful,49,bac2ffe7-ad29-4058-8014-151822e9a080,statsbomb
7585,1,1695.88,England,John Stones,carry,85.0,13.0,87.0,9.0,successful,49,6fda48d6-bada-463c-82db-67d1cdc41303,statsbomb
7585,1,1696.76,England,John Stones,pass,87.0,9.0,84.0,2.0,successful,49,8123c8d1-bb86-4efe-a7d7-674f66ec3d3c,statsbomb
7585,1,1697.12,England,Ashley Young,carry,84.0,2.0,74.0,4.0,successful,49,f06e668d-2a37-4ece-b0cd-318007229475,statsbomb
7585,1,1699.24,England,Ashley Young,pass,74.0,4.0,58.0,30.0,successful,49,53334e92-eadd-4381-ae37-ed6111784f1f,statsbomb
7585,1,1700.88,England,Kyle Walker,carry,58.0,30.0,64.0,46.0,successful,49,39ec5ee8-7999-4f9e-85da-4d09753ff9b0,statsbomb
7585,1,1704.96,England,Kyle Walker,pass,64.0,46.0,63.0,23.0,successful,49,3cd01548-bd95-4bb9-bf7c-6255100b6d61,statsbomb
7585,1,1706.64,England,Harry Maguire,carry,63.0,23.0,64.0,16.0,successful,49,b09ec615-22d4-49dd-b94c-af9ba7024904,statsbomb
7585,1,1707.52,England,Harry Maguire,pass,64.0,16.0,82.0,3.0,successful,49,f7da9c73-b6fa-4be8-a461-d448ce5ed6cf,statsbomb
7585,1,1708.92,England,Ashley Young,carry,82.0,3.0,85.0,4.0,successful,49,87b45ca6-0bae-407e-97af-1348e0dca8a7,statsbomb
7585,1,1710.68,England,Ashley Young,pass,85.0,4.0,82.0,16.0,successful,49,0b7a0a1c-6b0c-46d2-90e2-4be7da09a902,statsbomb
7585,1,1711.72,England,Jesse Lingard,carry,82.0,16.0,81.0,19.0,successful,49,e92752b2-cff6-41f7-97b0-074c11f37ccd,statsbomb
7585,1,1712.64,England,Jesse Lingard,pass,81.0,19.0,92.0,22.0,successful,49,c5635344-a1b1-4969-9d71-a5931f5c4ca5,statsbomb
7585,1,1713.6,England,Harry Kane,carry,92.0,22.0,89.0,28.0,successful,49,733a5301-ea25-450f-b024-8d23a32a3c1f,statsbomb
7585,1,1715.56,England,Harry Kane,pass,89.0,28.0,85.0,54.0,successful,49,8b12904f-e9ec-430e-89f6-599f7ac68f35,statsbomb
7585,1,1717.36,England,Raheem Sterling,carry,85.0,54.0,91.0,59.0,successful,49,d97825b7-a6cd-4574-8b0b-ee3580b29158,statsbomb
7585,1,1719.04,England,Raheem Sterling,pass,91.0,59.0,99.0,57.0,successful,49,62f170ff-5b87-4766-8e93-2912c5ba042f,statsbomb
7585,1,1719.973,England,Bamidele Alli,carry,99.0,57.0,99.0,57.0,successful,49,f6c850b0-d440-4342-b6ce-1e97fa179771,statsbomb
7585,1,1720.08,England,Bamidele Alli,pass,99.0,57.0,103.0,57.0,incomplete,49,b0162772-26a0-45d0-bac1-7aab4a9551aa,statsbomb
7585,1,1720.52,Colombia,Davinson Sánchez Mina,carry,18.0,24.0,30.0,18.0,successful,50,49f1b2d3-0ead-407f-a377-39c2d9093043,statsbomb
7585,1,1723.44,Colombia,Davinson Sánchez Mina,pass,30.0,18.0,51.0,18.0,successful,50,76bfa163-d517-48fc-9849-88664f12b6e1,statsbomb
7585,1,1724.493,Colombia,Radamel Falcao García Zárate,carry,51.0,18.0,49.0,14.0,successful,50,5aa63257-59ed-435b-b1e0-aba9e8b8dc32,statsbomb
7585,1,1725.56,Colombia,Radamel Falcao García Zárate,pass,49.0,14.0,33.0,3.0,successful,50,86e86176-eacc-4ee3-83d9-166bc93f743f,statsbomb
7585,1,1726.72,Colombia,Johan Andrés Mojica Palacio,carry,33.0,3.0,14.0,2.0,successful,50,13aa3f71-bd6d-43fe-8b38-aeb2bafbec5e,statsbomb
7585,1,1731.16,Colombia,Johan Andrés Mojica Palacio,pass,14.0,2.0,16.0,2.0,incomplete,50,c5648972-278c-4bc8-bb8a-a564299fed0e,statsbomb
7585,1,1744.0,Colombia,Johan Andrés Mojica Palacio,pass,17.0,2.0,27.0,3.0,successful,51,29d69f41-2374-41dd-895a-92a942eea373,statsbomb
7585,1,1745.28,Colombia,Radamel Falcao García Zárate,carry,27.0,3.0,28.0,2.0,successful,51,d1a500f2-017f-4525-a4ce-36ff94f59e9c,statsbomb
7585,1,1793.88,Colombia,David Ospina Ramírez,pass,30.0,4.0,88.0,4.0,incomplete,52,6e46ced7-9d44-4df6-8c85-bcc0cbafaf26,statsbomb
7585,1,1796.96,England,Kieran Trippier,pass,45.0,75.0,55.0,71.0,incomplete,52,4166078c-abbc-4a22-a0ce-c11682d1b355,statsbomb
7585,1,1798.8,Colombia,Wílmar Enrique Barrios Terán,pass,66.0,10.0,80.0,8.0,successful,52,c12c2b58-8ae1-4124-9be9-ee25d26af851,statsbomb
7585,1,1799.68,Colombia,Jefferson Andrés Lerma Solís,pass,80.0,8.0,73.0,29.0,successful,52,edab3940-ae84-4603-b7dc-82bf86727edf,statsbomb
7585,1,1802.12,Colombia,Carlos Alberto Sánchez Moreno,pass,74.0,29.0,87.0,24.0,successful,52,372345f8-b9d1-4285-a9a6-9bdf255f1431,statsbomb
7585,1,1804.453,England,Harry Maguire,pass,31.0,41.0,90.0,73.0,successful,53,a2a1525b-23bc-4a34-8b86-6840b4628238,statsbomb
7585,1,1809.373,England,Raheem Sterling,carry,90.0,73.0,101.0,46.0,successful,53,959110c7-93e9-4426-80d7-578a5ac99e80,statsbomb
7585,1,1817.96,Colombia,Davinson Sánchez Mina,pass,14.0,20.0,36.0,21.0,incomplete,53,8fa2d272-e6d7-4e29-8685-a6ec560696b9,statsbomb
7585,1,1820.04,England,Jordan Brian Henderson,pass,85.0,60.0,89.0,47.0,successful,53,e3c93f6a-614f-4629-8737-97ebd47fdf8f,statsbomb
7585,1,1821.04,England,Bamidele Alli,pass,87.0,45.0,76.0,52.0,successful,53,d9765aa7-a912-4bf6-8f42-85e85c346f07,statsbomb
7585,1,1822.013,England,Jordan Brian Henderson,carry,76.0,52.0,75.0,46.0,successful,53,6664b232-39e2-49a8-bcc9-bdebf16df368,statsbomb
7585,1,1822.693,England,Jordan Brian Henderson,pass,75.0,46.0,64.0,40.0,successful,53,acd07e68-7841-4d3e-8c7d-67ec03615354,statsbomb
7585,1,1823.852,England,Harry Maguire,carry,64.0,40.0,63.0,42.0,successful,53,7298f78b-1da2-4bb6-a99e-95024c1a24c3,statsbomb
7585,1,1825.12,England,Bamidele Alli,pass,74.0,40.0,50.0,45.0,successful,53,f39fbb7f-576e-4f75-b7d7-ce1fe973c26c,statsbomb
7585,1,1826.44,England,John Stones,pass,51.0,46.0,66.0,62.0,successful,53,ce8b71b8-d137-4104-8616-c7c824824c38,statsbomb
7585,1,1827.6,England,Kyle Walker,carry,66.0,62.0,89.0,66.0,successful,53,e252db9a-ad07-4a1d-a633-1548b1a54828,statsbomb
7585,1,1832.36,England,Kyle Walker,pass,89.0,66.0,102.0,61.0,successful,53,d31412f4-c937-4535-bd5b-1a76afd0340b,statsbomb
7585,1,1833.253,England,Raheem Sterling,carry,102.0,61.0,102.0,62.0,successful,53,e738b85b-6621-4999-9cb4-42a99d19832f,statsbomb
7585,1,1834.08,England,Raheem Sterling,pass,102.0,62.0,101.0,61.0,incomplete,53,07db0008-c6d3-4b3e-ac47-b916d68e812d,statsbomb
7585,1,1835.88,Colombia,Wílmar Enrique Barrios Terán,pass,24.0,19.0,39.0,30.0,successful,54,0f5ee7d0-6755-47b7-8730-e5d188e76686,statsbomb
7585,1,1837.04,Colombia,Juan Fernando Quintero Paniagua,carry,39.0,30.0,35.0,34.0,successful,54,9ab27fb4-7666-46e0-9795-b6e2ae873069,statsbomb
7585,1,1837.84,Colombia,Juan Fernando Quintero Paniagua,pass,35.0,34.0,36.0,57.0,incomplete,54,7ee33a3f-bc99-47b6-a6e5-ccaea01100f1,statsbomb
7585,1,1841.56,Colombia,Santiago Arias Naranjo,carry,34.0,52.0,36.0,53.0,successful,54,1ddc39ed-21e5-4dd0-9675-88b68c88263f,statsbomb
7585,1,1842.96,Colombia,Santiago Arias Naranjo,pass,36.0,53.0,50.0,77.0,successful,54,58248fb6-6c26-41b3-a532-ff7c3845e0a5,statsbomb
7585,1,1844.573,Colombia,Juan Guillermo Cuadrado Bello,carry,50.0,77.0,56.0,71.0,successful,54,20868f55-abb6-4292-91f0-da68bf812f0d,statsbomb
7585,1,1848.16,Colombia,Juan Guillermo Cuadrado Bello,pass,56.0,71.0,62.0,76.0,successful,54,b0f76f05-f427-4867-9665-fc91764d8026,statsbomb
7585,1,1849.093,Colombia,Juan Fernando Quintero Paniagua,carry,62.0,76.0,62.0,76.0,successful,54,44251a39-b8db-4560-b3fc-6b2e691afdd1,statsbomb
7585,1,1849.12,Colombia,Juan Fernando Quintero Paniagua,pass,62.0,76.0,75.0,80.0,out,54,f6550004-b037-4c43-9bc6-d62c761f9143,statsbomb
7585,1,1860.28,England,Harry Maguire,pass,33.0,6.0,25.0,25.0,successful,55,8fa55f4a-fcf1-47e3-a4fe-a9afaca421d1,statsbomb
7585,1,1861.733,England,John Stones,carry,25.0,25.0,25.0,25.0,successful,55,622f34b5-3286-471b-b901-a0e4205cb6ec,statsbomb
7585,1,1861.933,England,John Stones,pass,25.0,25.0,31.0,22.0,successful,55,b43e8f4b-e3e5-4f05-a082-bc70406cede5,statsbomb
7585,1,1863.359,England,Jordan Brian Henderson,carry,31.0,22.0,36.0,31.0,successful,55,3953dc5f-7976-4d9b-bbff-873a1a632181,statsbomb
7585,1,1868.84,England,Jordan Brian Henderson,pass,36.0,31.0,39.0,7.0,successful,55,3d2435d7-07a3-4930-8300-04d8809e8a29,statsbomb
7585,1,1870.08,England,Harry Maguire,carry,39.0,7.0,37.0,10.0,successful,55,816a135d-a56c-4f6b-89ee-539ad71e975a,statsbomb
7585,1,1870.92,England,Harry Maguire,pass,37.0,10.0,59.0,18.0,successful,55,b582d838-2355-45ed-9710-4316d7f8febc,statsbomb
7585,1,1872.2,England,Bamidele Alli,carry,59.0,18.0,56.0,18.0,successful,55,87451fce-6fab-4449-9832-6ec8a67d8ae8,statsbomb
7585,1,1873.12,England,Bamidele Alli,pass,56.0,18.0,52.0,3.0,successful,55,f7889ab8-2a59-4815-9d4f-1eab4c8af58b,statsbomb
7585,1,1874.16,England,Ashley Young,carry,52.0,3.0,55.0,2.0,successful,55,e44b5054-9cb9-4dea-bcdb-32f9534f6c45,statsbomb
7585,1,1875.04,England,Ashley Young,pass,55.0,2.0,105.0,14.0,incomplete,55,81478fe7-37f2-4a7f-881c-a5bac7cc4109,statsbomb
7585,1,1880.48,Colombia,Yerry Fernando Mina González,carry,16.0,67.0,17.0,66.0,successful,55,17a90fb5-ccc1-42a1-afe6-23ae05e197ee,statsbomb
7585,1,1881.88,Colombia,Yerry Fernando Mina González,pass,17.0,66.0,21.0,51.0,successful,55,75030778-ce4e-4a1d-bf27-462780826c11,statsbomb
7585,1,1883.253,Colombia,Wílmar Enrique Barrios Terán,carry,21.0,51.0,51.0,24.0,successful,55,390da2a7-6b94-4ada-8b40-4c1b980a38f9,statsbomb
7585,1,1890.12,Colombia,Wílmar Enrique Barrios Terán,pass,51.0,24.0,62.0,22.0,incomplete,55,9cd2000a-9443-4f01-99af-3aee246f3224,statsbomb
7585,1,1891.0,England,Jordan Brian Henderson,carry,59.0,59.0,63.0,70.0,successful,55,366a6297-35f3-4149-994a-837517ef9e6c,statsbomb
7585,1,1892.68,England,Jordan Brian Henderson,pass,63.0,70.0,74.0,79.0,successful,55,0040e415-be1a-44c2-a5d7-8546e3be6d11,statsbomb
7585,1,1893.88,England,Kieran Trippier,carry,74.0,79.0,89.0,73.0,successful,55,34c6bddd-6b35-4c4f-b59d-2a24409add1a,statsbomb
7585,1,1895.36,England,Kieran Trippier,pass,89.0,73.0,84.0,65.0,incomplete,55,4b27e534-6e4f-4846-b2d3-5c980a5d47cb,statsbomb
7585,1,1896.48,Colombia,Johan Andrés Mojica Palacio,carry,37.0,16.0,31.0,19.0,successful,56,fe874789-de0c-48c0-8c75-5f091bec8127,statsbomb
7585,1,1897.56,Colombia,Johan Andrés Mojica Palacio,pass,31.0,19.0,21.0,18.0,successful,56,4b887560-54f2-4384-8db2-92b11b5d557b,statsbomb
7585,1,1898.32,Colombia,Wílmar Enrique Barrios Terán,pass,21.0,18.0,34.0,26.0,incomplete,56,98c130a3-34c8-456b-9af0-348420848b0e,statsbomb
7585,1,1899.72,England,Harry Kane,pass,87.0,55.0,91.0,64.0,incomplete,56,a70fe909-6be8-4df7-ba3b-e1af49910161,statsbomb
7585,1,1901.2,Colombia,Johan Andrés Mojica Palacio,pass,30.0,17.0,23.0,18.0,successful,56,b3df0143-ab23-413f-bae3-b1986a046c89,statsbomb
7585,1,1902.253,Colombia,Wílmar Enrique Barrios Terán,carry,23.0,18.0,23.0,18.0,successful,56,df668aa1-60aa-4866-9fe8-e3d6cb8c8988,statsbomb
7585,1,1902.28,Colombia,Wílmar Enrique Barrios Terán,pass,23.0,18.0,31.0,22.0,successful,56,83999ce3-dc38-4ddf-bd13-745707f34ae0,statsbomb
7585,1,1904.133,Colombia,Jefferson Andrés Lerma Solís,carry,31.0,22.0,32.0,25.0,successful,56,e12e9ae6-08db-4a5d-9ba7-dba0dfe62a5d,statsbomb
7585,1,1904.4,Colombia,Jefferson Andrés Lerma Solís,pass,32.0,25.0,32.0,52.0,successful,56,8360ebe8-a9d0-48f0-8d6f-d6981ef79c77,statsbomb
7585,1,1906.48,Colombia,Carlos Alberto Sánchez Moreno,carry,32.0,52.0,38.0,65.0,successful,56,e385afd3-98b2-41a8-97da-98e8885feace,statsbomb
7585,1,1909.28,Colombia,Carlos Alberto Sánchez Moreno,pass,38.0,65.0,115.0,80.0,out,56,e67218ab-75d7-497b-a16b-8da62116a023,statsbomb
7585,1,1958.96,England,Ashley Young,pass,9.0,2.0,33.0,4.0,incomplete,57,bf73ebf9-b975-463c-980b-b2700e4f67ab,statsbomb
7585,1,1960.84,Colombia,Carlos Alberto Sánchez Moreno,pass,88.0,77.0,100.0,61.0,successful,58,df6412ba-ea1b-47f1-8f97-6f37a1a0082a,statsbomb
7585,1,1962.293,Colombia,Radamel Falcao García Zárate,carry,100.0,61.0,100.0,61.0,successful,58,b3dab32d-802b-48ef-9971-5e26f9db788b,statsbomb
7585,1,1962.92,Colombia,Radamel Falcao García Zárate,pass,100.0,61.0,93.0,48.0,successful,58,a47f2609-64f6-4fe9-b3a0-76711652f416,statsbomb
7585,1,1964.24,Colombia,Juan Fernando Quintero Paniagua,carry,93.0,48.0,92.0,49.0,successful,58,8ec980eb-5343-4062-8b91-8808aa93e87c,statsbomb
7585,1,1989.68,England,John Stones,pass,47.0,42.0,49.0,13.0,successful,59,338987fa-a233-4b06-a80a-72a1232dcfe4,statsbomb
7585,1,1992.04,England,Harry Maguire,pass,49.0,14.0,79.0,16.0,successful,59,928c54c4-87fe-4d56-9a00-eb788f6af566,statsbomb
7585,1,1993.52,England,Harry Kane,pass,78.0,17.0,67.0,20.0,incomplete,59,fde46f90-9e8e-4843-a698-d94488520445,statsbomb
7585,1,1994.92,Colombia,Carlos Alberto Sánchez Moreno,pass,54.0,61.0,50.0,75.0,successful,59,b6ad6c39-63c6-41cf-8a37-576f105603bb,statsbomb
7585,1,1996.0,Colombia,Santiago Arias Naranjo,pass,50.0,75.0,64.0,53.0,incomplete,59,6a7866b9-7422-4c6e-b4ea-46411f234cb8,statsbomb
7585,1,1997.32,England,Jordan Brian Henderson,pass,57.0,28.0,64.0,23.0,successful,59,68fe5785-a335-41d5-81f3-144a8f44cee3,statsbomb
7585,1,1998.173,England,Bamidele Alli,carry,64.0,23.0,58.0,23.0,successful,59,9ea4c89d-6f53-458c-84ab-6054c62726e7,statsbomb
7585,1,1999.36,England,Bamidele Alli,pass,58.0,23.0,40.0,15.0,successful,59,744119f3-00f6-426a-b2f9-7e374d325e10,statsbomb
7585,1,2000.52,England,Harry Maguire,carry,40.0,15.0,37.0,22.0,successful,59,ad2c62e9-a455-4bc4-8db5-f4ecbdb2a9c1,statsbomb
7585,1,2001.68,England,Harry Maguire,pass,37.0,22.0,42.0,48.0,successful,59,dc30c8aa-dfc8-4529-a04c-290b957446d5,statsbomb
7585,1,2003.28,England,Kyle Walker,carry,42.0,48.0,45.0,53.0,successful,59,b29b4a15-f072-4635-9222-10be8949edb7,statsbomb
7585,1,2004.64,England,Kyle Walker,pass,45.0,53.0,57.0,79.0,successful,59,9fe7c3d5-4780-46c7-a5f5-0522df3a7784,statsbomb
7585,1,2006.32,England,Kieran Trippier,pass,57.0,79.0,50.0,70.0,successful,59,e46863d0-8c75-4fb6-87e9-6c0e396dee5f,statsbomb
7585,1,2007.84,England,Kyle Walker,carry,50.0,70.0,47.0,68.0,successful,59,633db70f-0ab0-4949-977b-c526aa62aeef,statsbomb
7585,1,2008.92,England,Kyle Walker,pass,47.0,68.0,60.0,66.0,successful,59,0e79d75d-6d06-4c5f-b86c-b07fe313a8bb,statsbomb
7585,1,2009.88,England,Jesse Lingard,carry,60.0,66.0,57.0,65.0,successful,59,391d83a6-9f5c-4cca-9701-4147c18605ee,statsbomb
7585,1,2010.92,England,Jesse Lingard,pass,57.0,65.0,45.0,43.0,successful,59,08abca33-7d71-487f-bc86-3327e6c79d82,statsbomb
7585,1,2012.28,England,John Stones,carry,45.0,43.0,44.0,41.0,successful,59,96c59cd1-402b-4c4c-b0be-f6fb3479c5af,statsbomb
7585,1,2013.48,England,John Stones,pass,44.0,41.0,55.0,29.0,successful,59,671e98b5-f86b-4a75-aadc-7d4a78ac2996,statsbomb
7585,1,2015.8,England,Jesse Lingard,pass,56.0,29.0,68.0,18.0,successful,59,3033d986-8e29-4ea5-aa6b-9dcbeb463597,statsbomb
7585,1,2016.96,England,Bamidele Alli,carry,68.0,18.0,65.0,13.0,successful,59,eedb05c2-7b36-40ce-a5b5-022a9350321e,statsbomb
7585,1,2018.32,England,Bamidele Alli,pass,65.0,13.0,55.0,9.0,successful,59,2059dd7a-fa85-4682-aa07-98b9e5b27b55,statsbomb
7585,1,2019.68,England,Harry Maguire,carry,55.0,9.0,54.0,8.0,successful,59,673c1361-7b18-4f37-9612-823a9b536a42,statsbomb
7585,1,2020.44,England,Harry Maguire,pass,54.0,8.0,76.0,18.0,successful,59,4e17a64f-8f0e-4a4f-a4e9-daa639a403c9,statsbomb
7585,1,2021.8,England,Jesse Lingard,carry,76.0,18.0,86.0,19.0,successful,59,2a09b18f-0f4d-4e37-87cd-2a28f70b0363,statsbomb
7585,1,2026.76,England,Jesse Lingard,pass,86.0,19.0,91.0,4.0,successful,59,660035d9-4b7b-441e-a57c-ae5f7f13912b,statsbomb
7585,1,2028.32,England,Bamidele Alli,carry,91.0,4.0,94.0,12.0,successful,59,2e831373-61cd-417c-a059-bb24cc21b322,statsbomb
7585,1,2030.12,England,Bamidele Alli,pass,94.0,12.0,89.0,20.0,successful,59,b9e38407-8fbb-49f3-a65f-39fb36bb5b82,statsbomb
7585,1,2031.08,England,Raheem Sterling,pass,88.0,22.0,91.0,15.0,successful,59,4f7ee527-40c8-49d4-a8e1-c7bc039a211a,statsbomb
7585,1,2031.96,England,Bamidele Alli,pass,93.0,16.0,88.0,13.0,successful,59,5ec31d08-0574-485a-99c0-a38d11f710b7,statsbomb
7585,1,2032.613,England,Raheem Sterling,carry,88.0,13.0,93.0,19.0,successful,59,f7119793-9cce-4fbb-88de-5ae32b6279aa,statsbomb
7585,1,2035.013,Colombia,Wílmar Enrique Barrios Terán,carry,28.0,62.0,27.0,62.0,successful,60,6814829a-e07c-4af6-88e5-28c470548077,statsbomb
7585,1,2036.16,Colombia,Wílmar Enrique Barrios Terán,pass,27.0,62.0,30.0,52.0,successful,60,859cb7ee-4488-4d35-9a3a-a062a5b49deb,statsbomb
7585,1,2036.973,Colombia,Juan Fernando Quintero Paniagua,carry,30.0,52.0,29.0,50.0,successful,60,0afa22c5-91f2-4747-aa26-bc1902d05763,statsbomb
7585,1,2038.12,Colombia,Juan Fernando Quintero Paniagua,pass,29.0,50.0,38.0,31.0,successful,60,540e9117-b273-40a9-adcb-58e34e975b02,statsbomb
7585,1,2039.733,Colombia,Jefferson Andrés Lerma Solís,carry,38.0,31.0,54.0,45.0,successful,60,0aae181f-07ea-4d0b-b52f-d6c87a4d3efb,statsbomb
7585,1,2047.4,Colombia,Jefferson Andrés Lerma Solís,pass,54.0,45.0,65.0,75.0,successful,60,c63c9bea-0bcb-453c-abbf-223af64d84af,statsbomb
7585,1,2049.213,Colombia,Santiago Arias Naranjo,carry,65.0,75.0,70.0,75.0,successful,60,fd5947cf-e450-436e-b4ec-47fd78c274a0,statsbomb
7585,1,2051.24,Colombia,Santiago Arias Naranjo,pass,70.0,75.0,76.0,67.0,successful,60,8d492084-6a2e-4263-9bdb-0a2e242e4eaf,statsbomb
7585,1,2051.96,Colombia,Juan Guillermo Cuadrado Bello,carry,76.0,67.0,74.0,64.0,successful,60,ed61c6f4-ef65-4ae2-8e30-61a7e671d023,statsbomb
7585,1,2054.4,Colombia,Juan Guillermo Cuadrado Bello,pass,74.0,64.0,67.0,52.0,successful,60,0a7fca8e-65e3-404f-b57f-48e3bc7c8f81,statsbomb
7585,1,2056.053,Colombia,Juan Fernando Quintero Paniagua,carry,67.0,52.0,75.0,52.0,successful,60,08384724-a8df-4243-a3ea-7c27c3bb847f,statsbomb
7585,1,2058.76,England,Bamidele Alli,pass,37.0,34.0,29.0,16.0,successful,61,2c3279a2-18f6-4db8-9599-30ce5f9a7862,statsbomb
7585,1,2060.04,England,Ashley Young,carry,29.0,16.0,29.0,20.0,successful,61,c4aad9c2-639e-4838-94a4-5ea89f0cd65b,statsbomb
7585,1,2060.8,England,Ashley Young,pass,29.0,20.0,3.0,30.0,successful,61,b458c7e0-8709-4f55-8d77-312c06ec0c54,statsbomb
7585,1,2062.76,England,Jordan Pickford,carry,3.0,30.0,5.0,20.0,successful,61,6f993abd-df66-40a5-8cb0-961468fe5f24,statsbomb
7585,1,2064.24,England,Jordan Pickford,pass,5.0,20.0,65.0,11.0,incomplete,61,c9fd8425-db8c-424e-82cf-d8926ad9c4ee,statsbomb
7585,1,2067.08,Colombia,Carlos Alberto Sánchez Moreno,carry,56.0,70.0,53.0,63.0,successful,62,229982fd-a957-4623-853e-f3bd99fcf47f,statsbomb
7585,1,2070.64,Colombia,Carlos Alberto Sánchez Moreno,pass,53.0,63.0,38.0,57.0,successful,62,f6aa9be8-b115-4653-bc72-97393a276399,statsbomb
7585,1,2072.053,Colombia,Yerry Fernando Mina González,carry,38.0,57.0,40.0,55.0,successful,62,255e751e-6372-4802-ab1d-3d30a8fa7309,statsbomb
7585,1,2073.28,Colombia,Yerry Fernando Mina González,pass,40.0,55.0,39.0,26.0,successful,62,5539d288-cfa6-48b4-9b2f-49e52c939718,statsbomb
7585,1,2075.013,Colombia,Davinson Sánchez Mina,carry,39.0,26.0,39.0,26.0,successful,62,90c03f0e-b9e7-428a-95a0-81a1481d0a00,statsbomb
7585,1,2075.98,Colombia,Davinson Sánchez Mina,pass,39.0,26.0,64.0,24.0,successful,62,1cc62086-fa9a-4b10-b344-c9ad641a40ef,statsbomb
7585,1,2077.253,Colombia,Jefferson Andrés Lerma Solís,carry,64.0,24.0,76.0,24.0,successful,62,5e7f44cb-2c35-4fef-842b-cb3fb27f9bd7,statsbomb
7585,1,2080.28,Colombia,Jefferson Andrés Lerma Solís,pass,76.0,24.0,78.0,2.0,successful,62,a24a4588-f50c-469d-bcbb-901bce5f5f59,statsbomb
7585,1,2081.573,Colombia,Johan Andrés Mojica Palacio,carry,78.0,2.0,74.0,5.0,successful,62,1acd7594-85bc-46aa-9a45-4de3ea097a88,statsbomb
7585,1,2084.08,Colombia,Johan Andrés Mojica Palacio,pass,74.0,5.0,55.0,16.0,successful,62,3a04bf1b-59b4-4003-8f7f-8e0b77e11ae1,statsbomb
7585,1,2085.96,Colombia,Davinson Sánchez Mina,carry,55.0,16.0,52.0,21.0,successful,62,4a46246e-8fc2-4a7d-af28-de0859f6f46e,statsbomb
7585,1,2087.64,Colombia,Davinson Sánchez Mina,pass,52.0,21.0,66.0,58.0,successful,62,714813ad-77cc-4b4e-8a52-ce33a25b0fa3,statsbomb
7585,1,2089.693,Colombia,Carlos Alberto Sánchez Moreno,carry,66.0,58.0,69.0,60.0,successful,62,58e98e65-b38b-4f11-987e-43855727276c,statsbomb
7585,1,2090.84,Colombia,Carlos Alberto Sánchez Moreno,pass,69.0,60.0,75.0,54.0,successful,62,a4892d38-b6ad-4f50-8503-20b368cbf757,statsbomb
7585,1,2092.413,Colombia,Juan Guillermo Cuadrado Bello,carry,75.0,54.0,72.0,55.0,successful,62,f27afe67-791c-427f-a1c9-f621fda4d0e7,statsbomb
7585,1,2093.76,Colombia,Juan Guillermo Cuadrado Bello,pass,72.0,55.0,68.0,68.0,successful,62,f8cf3ab1-a1e6-4bab-b737-bf53ce243539,statsbomb
7585,1,2094.693,Colombia,Carlos Alberto Sánchez Moreno,carry,68.0,68.0,67.0,69.0,successful,62,5254c37d-f5e7-4f2b-8584-e5dc04e4db11,statsbomb
7585,1,2095.48,Colombia,Carlos Alberto Sánchez Moreno,pass,67.0,69.0,79.0,76.0,successful,62,88df2eb4-3ee5-436b-b359-d01d70016fd2,statsbomb
7585,1,2096.173,Colombia,Juan Fernando Quintero Paniagua,carry,79.0,76.0,89.0,62.0,successful,62,ecf1d09a-5a46-4775-831b-8297bc71368d,statsbomb
7585,1,2098.92,Colombia,Juan Fernando Quintero Paniagua,pass,89.0,62.0,102.0,53.0,incomplete,62,e2287001-cb02-4900-ba68-3d31518d620c,statsbomb
7585,1,2101.8,Colombia,Carlos Alberto Sánchez Moreno,pass,72.0,67.0,62.0,61.0,successful,62,a9bdaf00-b206-41b7-9204-8cf171a5cd00,statsbomb
7585,1,2103.093,Colombia,Yerry Fernando Mina González,carry,62.0,61.0,58.0,56.0,successful,62,d823ac1e-2f4d-4fa5-a920-e8e77f2b90a4,statsbomb
7585,1,2105.4,Colombia,Yerry Fernando Mina González,pass,58.0,56.0,47.0,37.0,successful,62,59f8c0e6-fc5a-4aea-9c47-94e66e976f69,statsbomb
7585,1,2106.96,Colombia,Davinson Sánchez Mina,carry,47.0,37.0,51.0,34.0,successful,62,485b5645-893a-4693-97a5-d93dda993fb7,statsbomb
7585,1,2108.16,Colombia,Davinson Sánchez Mina,pass,51.0,34.0,66.0,11.0,successful,62,8cc937d4-306d-4b93-a188-e63a3c6cb25c,statsbomb
7585,1,2109.8,Colombia,Jefferson Andrés Lerma Solís,carry,66.0,11.0,68.0,10.0,successful,62,78952ca6-c9fc-4000-aef0-644e2a55acfa,statsbomb
7585,1,2110.76,Colombia,Jefferson Andrés Lerma Solís,pass,68.0,10.0,78.0,3.0,successful,62,6f4f33de-f938-46c3-91ef-00e5f298b300,statsbomb
7585,1,2111.693,Colombia,Johan Andrés Mojica Palacio,carry,78.0,3.0,84.0,11.0,successful,62,003b394f-9c9d-471e-9d63-2c68c85a27f6,statsbomb
7585,1,2114.08,Colombia,Johan Andrés Mojica Palacio,pass,84.0,11.0,82.0,23.0,successful,62,9c7a92c3-3dbe-4b7a-9e96-2e14101d4519,statsbomb
7585,1,2115.093,Colombia,Juan Guillermo Cuadrado Bello,carry,82.0,23.0,80.0,27.0,successful,62,287df6e5-d785-40c9-b202-cd8004f25eb9,statsbomb
7585,1,2116.84,Colombia,Juan Guillermo Cuadrado Bello,pass,80.0,27.0,80.0,34.0,incomplete,62,2ea5cdbc-0eaf-4dc6-9772-fd3ba620a863,statsbomb
7585,1,2119.28,Colombia,Carlos Alberto Sánchez Moreno,carry,68.0,56.0,69.0,59.0,successful,62,b1644343-f9bf-42c1-b96d-e50cda06d035,statsbomb
7585,1,2120.52,Colombia,Carlos Alberto Sánchez Moreno,pass,69.0,59.0,85.0,78.0,successful,62,20aeb4dc-955e-4f61-986d-dfa1ce07c0ab,statsbomb
7585,1,2122.48,Colombia,Santiago Arias Naranjo,carry,85.0,78.0,86.0,78.0,successful,62,9caadae1-7fc1-45ad-b0cb-e19f8197097c,statsbomb
7585,1,2123.4,Colombia,Santiago Arias Naranjo,pass,86.0,78.0,76.0,62.0,successful,62,a070cf8d-3f1a-429b-9fa1-81a678c2e624,statsbomb
7585,1,2124.96,Colombia,Juan Guillermo Cuadrado Bello,pass,76.0,62.0,70.0,74.0,successful,62,3df97bd4-4f6e-49b9-a03c-ce86a2f79cf8,statsbomb
7585,1,2126.333,Colombia,Carlos Alberto Sánchez Moreno,pass,70.0,74.0,62.0,55.0,successful,62,351d003b-fdc1-484a-9e64-414918fe75b1,statsbomb
7585,1,2127.333,Colombia,Yerry Fernando Mina González,carry,62.0,55.0,62.0,55.0,successful,62,76cf40da-e157-409a-9183-794b8a0a6b28,statsbomb
7585,1,2128.24,Colombia,Yerry Fernando Mina González,pass,62.0,55.0,59.0,32.0,successful,62,d7d513e8-b1dc-46e3-8d00-bc3c127f0444,statsbomb
7585,1,2130.0,Colombia,Davinson Sánchez Mina,carry,59.0,32.0,61.0,32.0,successful,62,cd9271ce-d227-4838-bafd-f5862341b9f3,statsbomb
7585,1,2130.68,Colombia,Davinson Sánchez Mina,pass,61.0,32.0,72.0,8.0,successful,62,b3600349-7b62-4689-b2dd-c7da66e059a9,statsbomb
7585,1,2132.0,Colombia,Jefferson Andrés Lerma Solís,carry,72.0,8.0,80.0,6.0,successful,62,6a2f2210-e3e9-4ff7-80ed-93ef94e475e4,statsbomb
7585,1,2133.493,Colombia,Jefferson Andrés Lerma Solís,pass,80.0,6.0,89.0,2.0,successful,62,1fe6a96a-8adb-4155-88d4-1f078dfe6b5c,statsbomb
7585,1,2134.573,Colombia,Johan Andrés Mojica Palacio,carry,89.0,2.0,93.0,4.0,successful,62,7dbb933e-2995-4b96-a64b-ddc423c4b203,statsbomb
7585,1,2135.8,Colombia,Johan Andrés Mojica Palacio,pass,93.0,4.0,102.0,33.0,incomplete,62,14cb625a-e562-45dd-ab96-f34721a6cad3,statsbomb
7585,1,2137.36,England,John Stones,pass,19.0,48.0,27.0,57.0,successful,63,bf424e0c-e3e0-4150-9cfb-0c8d2042089d,statsbomb
7585,1,2138.08,England,Bamidele Alli,carry,27.0,57.0,25.0,55.0,successful,63,571c110d-df69-4f66-a300-89f6f72f7d40,statsbomb
7585,1,2139.4,England,Bamidele Alli,pass,25.0,55.0,22.0,38.0,successful,63,713375b9-c6c9-4f36-9658-b571921085d6,statsbomb
7585,1,2140.68,England,Harry Maguire,carry,22.0,38.0,22.0,37.0,successful,63,8395983d-8e42-4010-8ffa-09a7b669d338,statsbomb
7585,1,2141.32,England,Harry Maguire,pass,22.0,37.0,26.0,43.0,successful,63,ef9e4c24-1b63-437e-aa51-0822a672a04c,statsbomb
7585,1,2142.92,England,Bamidele Alli,pass,26.0,44.0,21.0,30.0,successful,63,a24659b8-3c40-40a4-9d6e-8f6915946349,statsbomb
7585,1,2144.32,England,Harry Maguire,pass,22.0,32.0,16.0,42.0,successful,63,af6e4cba-6e5b-471e-a709-53a3d90128b5,statsbomb
7585,1,2145.6,England,John Stones,carry,16.0,42.0,15.0,43.0,successful,63,5c3cc4f0-d0f7-4b6f-8b79-d968b6adca0d,statsbomb
7585,1,2145.64,England,John Stones,pass,15.0,43.0,28.0,41.0,successful,63,5de7ecf3-80de-4025-9ea1-c6ada2a5c124,statsbomb
7585,1,2146.92,England,Bamidele Alli,carry,28.0,41.0,27.0,42.0,successful,63,87d0c456-be3d-432a-b36c-8fa24ff13f1e,statsbomb
7585,1,2147.56,England,Bamidele Alli,pass,27.0,42.0,30.0,22.0,successful,63,d5f03242-2292-4056-90d4-1d04f4f8c073,statsbomb
7585,1,2149.28,England,Harry Maguire,carry,30.0,22.0,74.0,25.0,successful,63,2fa60439-76ea-4134-86b0-dfaad02869cc,statsbomb
7585,1,2154.48,England,Harry Maguire,pass,74.0,25.0,85.0,9.0,successful,63,2798d2dd-79bc-497a-b852-3207a260019e,statsbomb
7585,1,2155.533,England,Harry Kane,carry,85.0,9.0,83.0,15.0,successful,63,cfc67410-2fa5-4fe3-9ca6-9416e78af008,statsbomb
7585,1,2157.4,England,Harry Kane,pass,83.0,15.0,81.0,32.0,successful,63,ad261d0a-c57c-48bd-a0f2-03735ddfc367,statsbomb
7585,1,2158.64,England,Jordan Brian Henderson,carry,81.0,32.0,80.0,41.0,successful,63,08f6b845-1012-4ada-a443-c210f01e2f97,statsbomb
7585,1,2160.48,England,Jordan Brian Henderson,pass,80.0,41.0,86.0,56.0,successful,63,171aba02-38e4-477f-ad0a-51a7c12033df,statsbomb
7585,1,2161.96,England,Jesse Lingard,pass,85.0,56.0,82.0,53.0,successful,63,0bfcac28-9037-4314-8c11-ad73edb5bb0e,statsbomb
7585,1,2162.96,England,Jordan Brian Henderson,carry,82.0,53.0,84.0,55.0,successful,63,a50349d1-3fb8-4ad2-86dd-55727f02f85c,statsbomb
7585,1,2164.12,England,Jordan Brian Henderson,pass,84.0,55.0,120.0,25.0,out,63,8ad189cd-68ac-4c85-bede-627716332c75,statsbomb
7585,1,2204.12,Colombia,David Ospina Ramírez,pass,6.0,38.0,76.0,27.0,successful,64,a46918ad-9ec2-4f94-b9ac-633acad72335,statsbomb
7585,1,2207.68,Colombia,Radamel Falcao García Zárate,carry,76.0,27.0,76.0,28.0,successful,64,7f4ce891-7985-4c9b-95e1-4a40627f95d1,statsbomb
7585,1,2211.96,England,Kieran Trippier,pass,39.0,67.0,28.0,63.0,successful,65,991a7762-cde1-4eac-94d6-7d4d1980ff24,statsbomb
7585,1,2213.44,England,Kyle Walker,pass,28.0,62.0,9.0,41.0,successful,65,4944dcfb-05dc-478e-9d74-19e34d15be42,statsbomb
7585,1,2215.88,England,Jordan Pickford,carry,9.0,41.0,9.0,41.0,successful,65,7a5d51ad-d973-4882-a966-871a7f337810,statsbomb
7585,1,2216.76,England,Jordan Pickford,pass,9.0,41.0,13.0,64.0,successful,65,77857944-cdde-42d0-9974-e13d70786f53,statsbomb
7585,1,2218.32,England,Kyle Walker,carry,13.0,64.0,12.0,63.0,successful,65,71de14d4-4bb8-4a37-b1d0-e8c1c0fae9fe,statsbomb
7585,1,2219.56,England,Kyle Walker,pass,12.0,63.0,19.0,43.0,successful,65,e6a34d7d-ce9d-4a06-9bc7-cab344b932d2,statsbomb
7585,1,2221.36,England,John Stones,carry,19.0,43.0,32.0,47.0,successful,65,68bd9107-3e8c-44ac-9777-629da73458d8,statsbomb
7585,1,2226.68,England,John Stones,pass,32.0,47.0,57.0,32.0,successful,65,5b187106-99ab-4178-8b7f-412b4d7cf931,statsbomb
7585,1,2228.32,England,Harry Kane,carry,57.0,32.0,47.0,38.0,successful,65,41cf8bd2-6da5-48a2-9426-9add96d3c3b2,statsbomb
7585,1,2229.68,England,Harry Kane,pass,47.0,38.0,38.0,13.0,successful,65,7e2da9bd-ca87-411f-8b1e-4b78712b35bf,statsbomb
7585,1,2231.16,England,Harry Maguire,carry,38.0,13.0,32.0,15.0,successful,65,6c38e22b-7495-4d54-8de3-7ef776ed96a9,statsbomb
7585,1,2233.48,England,Harry Maguire,pass,32.0,15.0,37.0,30.0,successful,65,d3436d36-1699-473f-982a-6f4a633643ce,statsbomb
7585,1,2234.88,England,Harry Kane,carry,37.0,30.0,41.0,34.0,successful,65,2e37dcc0-415b-472d-a530-32ce4f9b792c,statsbomb
7585,1,2238.0,England,Harry Kane,pass,41.0,34.0,58.0,29.0,successful,65,dfa21bd3-054c-498f-9e19-cbccd911daf7,statsbomb
7585,1,2239.053,England,Jordan Brian Henderson,carry,58.0,29.0,64.0,28.0,successful,65,545f69c2-5ae0-463b-b065-6cc2d9fc3b65,statsbomb
7585,1,2240.72,England,Jordan Brian Henderson,pass,64.0,28.0,67.0,3.0,successful,65,542f7a6d-32d3-42b8-b18c-a2dee1fa28ae,statsbomb
7585,1,2241.84,England,Bamidele Alli,carry,67.0,3.0,65.0,4.0,successful,65,bc3b340e-936d-462c-a5f3-2d7dba6aa022,statsbomb
7585,1,2242.84,England,Bamidele Alli,pass,65.0,4.0,77.0,20.0,successful,65,d8a22812-9f04-4a5b-964d-a87ae1444a71,statsbomb
7585,1,2243.88,England,Jesse Lingard,carry,77.0,20.0,85.0,17.0,successful,65,513a5beb-4102-4758-949c-a548596ba2ac,statsbomb
7585,1,2245.56,England,Jesse Lingard,pass,85.0,17.0,84.0,21.0,successful,65,e784e1aa-faab-4544-a11c-f155b19d3cc5,statsbomb
7585,1,2246.613,England,Raheem Sterling,carry,84.0,21.0,85.0,19.0,successful,65,cb5183f6-52fe-424c-8543-509c93aa1aa6,statsbomb
7585,1,2247.48,England,Raheem Sterling,pass,85.0,19.0,88.0,15.0,successful,65,22f6faca-a5e2-4fc1-bbd6-706b8ccb78e7,statsbomb
7585,1,2247.933,England,Jesse Lingard,carry,88.0,15.0,87.0,20.0,successful,65,56b5365a-edbe-47be-9dfe-a3974f3b7c05,statsbomb
7585,1,2248.64,England,Jesse Lingard,pass,87.0,20.0,88.0,41.0,successful,65,809b904b-5292-4f1f-b28e-18cf7d975547,statsbomb
7585,1,2250.0,England,Harry Kane,carry,88.0,41.0,90.0,42.0,successful,65,a1497643-5059-4da9-9856-17a50ae784a0,statsbomb
7585,1,2251.4,England,Harry Kane,pass,90.0,42.0,106.0,34.0,incomplete,65,bfc72f3d-b28c-483e-8999-e8ae02495541,statsbomb
7585,1,2254.76,England,Kyle Walker,pass,75.0,46.0,87.0,41.0,successful,65,f4f8826b-19a1-4c6c-8776-b745de96ecab,statsbomb
7585,1,2256.133,England,Harry Kane,carry,87.0,41.0,85.0,41.0,successful,65,a0e85738-5b08-4b17-9621-bec30bd54f7d,statsbomb
7585,1,2256.92,England,Harry Kane,pass,85.0,41.0,87.0,34.0,successful,65,45c990b4-8b34-412c-844a-4725f1235ffb,statsbomb
7585,1,2257.64,England,Bamidele Alli,pass,86.0,31.0,85.0,41.0,successful,65,b278a814-6f67-4b82-b135-aea0aa7262aa,statsbomb
7585,1,2258.653,England,Harry Kane,carry,85.0,41.0,96.0,31.0,successful,65,d656737a-0494-4476-9d67-b6268a47ffc0,statsbomb
7585,1,2514.24,Colombia,David Ospina Ramírez,pass,6.0,39.0,68.0,24.0,incomplete,67,f0dcef93-fee3-4018-9853-41a508ce254d,statsbomb
7585,1,2517.92,England,Jordan Brian Henderson,pass,53.0,57.0,62.0,69.0,incomplete,67,c931fbfc-f579-4d29-ab1a-f2052de70dac,statsbomb
7585,1,2519.76,Colombia,Johan Andrés Mojica Palacio,pass,59.0,12.0,71.0,28.0,successful,67,d0afef8d-db41-4263-a8b1-89cf35d406c5,statsbomb
7585,1,2521.6,Colombia,Jefferson Andrés Lerma Solís,pass,71.0,28.0,104.0,36.0,incomplete,67,de884d30-16bd-4313-9b5e-30200884506b,statsbomb
7585,1,2526.533,England,Jordan Pickford,carry,17.0,45.0,17.0,40.0,successful,68,a1296414-9956-4101-989c-c0e14e0792ff,statsbomb
7585,1,2528.64,England,Jordan Pickford,pass,17.0,40.0,22.0,36.0,successful,68,c911c755-7435-4a33-bb26-7a98384d9417,statsbomb
7585,1,2529.813,England,John Stones,carry,22.0,36.0,41.0,44.0,successful,68,821a823c-cc24-4203-bbb4-60e3d68f5ef8,statsbomb
7585,1,2537.2,England,John Stones,pass,41.0,44.0,34.0,66.0,successful,68,f13d85f4-d0ae-4221-9b6d-1202a56b67d7,statsbomb
7585,1,2538.6,England,Kyle Walker,carry,34.0,66.0,30.0,61.0,successful,68,0f218a3f-00b8-4ab9-866a-e0350c131e74,statsbomb
7585,1,2540.24,England,Kyle Walker,pass,30.0,61.0,6.0,39.0,successful,68,52e83ab2-5e70-4198-b2ca-4679274c4ce7,statsbomb
7585,1,2542.16,England,Jordan Pickford,carry,6.0,39.0,6.0,35.0,successful,68,1789c4e8-e68d-4cfc-91a6-7d95161819d9,statsbomb
7585,1,2542.92,England,Jordan Pickford,pass,6.0,35.0,29.0,5.0,successful,68,1527b149-a2c5-400b-98f0-feec09e34070,statsbomb
7585,1,2545.04,England,Harry Maguire,carry,29.0,5.0,36.0,13.0,successful,68,10876efc-40c3-45d7-b8cc-9a29ee118144,statsbomb
7585,1,2550.8,England,Harry Maguire,pass,36.0,13.0,11.0,30.0,successful,68,b21c714a-bdd5-4b55-8405-645a2da9b1a6,statsbomb
7585,1,2552.56,England,Jordan Pickford,carry,11.0,30.0,12.0,25.0,successful,68,46f3e9ac-a99e-4097-9a7d-3ef1e2474cf7,statsbomb
7585,1,2554.12,England,Jordan Pickford,pass,12.0,25.0,29.0,70.0,successful,68,062a8cc8-d6af-45a0-ad3f-1454bd8e612e,statsbomb
7585,1,2555.72,England,Kyle Walker,carry,29.0,70.0,28.0,68.0,successful,68,8a9713d4-3931-4678-a7cd-a238fc987c10,statsbomb
7585,1,2557.933,England,Kyle Walker,pass,28.0,68.0,31.0,53.0,successful,68,73ddf7bf-1f53-491a-b918-55cab9ca5e5f,statsbomb
7585,1,2559.239,England,John Stones,carry,31.0,53.0,39.0,43.0,successful,68,92d652d7-91c1-42f1-be43-af36abb829cc,statsbomb
7585,1,2562.36,England,John Stones,pass,39.0,43.0,61.0,38.0,successful,68,220b4fda-3def-4f32-8c24-c273c48d3590,statsbomb
7585,1,2564.573,England,Jesse Lingard,carry,61.0,38.0,69.0,35.0,successful,68,bbb36ba9-fd4a-4b83-a4af-83d84a2dd86e,statsbomb
7585,1,2565.28,England,Jesse Lingard,pass,69.0,35.0,74.0,29.0,incomplete,68,15cd20f3-70c8-42f1-b238-19bce4e45e7d,statsbomb
7585,1,2566.64,Colombia,Carlos Alberto Sánchez Moreno,pass,47.0,52.0,60.0,49.0,successful,69,0a43f064-3147-4379-a3a6-280c1a0d9bd1,statsbomb
7585,1,2567.373,Colombia,Juan Fernando Quintero Paniagua,carry,60.0,49.0,72.0,51.0,successful,69,cb03477b-0d7b-4b4f-8f80-26e87dbafdb1,statsbomb
7585,1,2569.76,Colombia,Juan Fernando Quintero Paniagua,pass,72.0,51.0,79.0,75.0,successful,69,d05ae751-2a44-4a37-83f3-b7ac45758acb,statsbomb
7585,1,2571.84,Colombia,Juan Guillermo Cuadrado Bello,carry,79.0,75.0,79.0,76.0,successful,69,b517acf9-82b1-44cb-b3ae-c7b99c276a9c,statsbomb
7585,1,2582.6,Colombia,Santiago Arias Naranjo,pass,58.0,80.0,42.0,70.0,successful,70,6a0bbab1-9474-487d-a0fd-a53be3dfef46,statsbomb
7585,1,2585.36,Colombia,Yerry Fernando Mina González,carry,42.0,70.0,42.0,63.0,successful,70,a3f4e3b4-1f6c-49bd-b945-a17d9faa9019,statsbomb
7585,1,2586.96,Colombia,Yerry Fernando Mina González,pass,42.0,63.0,36.0,21.0,successful,70,bbcbf636-62cb-4a72-bdf7-6743d7c13a54,statsbomb
7585,1,2588.92,Colombia,Davinson Sánchez Mina,carry,36.0,21.0,38.0,21.0,successful,70,842ef250-0fbd-4121-8526-52cc40e5fabc,statsbomb
7585,1,2590.76,Colombia,Davinson Sánchez Mina,pass,38.0,21.0,38.0,55.0,successful,70,f95573a9-ccd4-4b99-93b5-82e7c7f40b6b,statsbomb
7585,1,2592.24,Colombia,Yerry Fernando Mina González,carry,38.0,55.0,38.0,55.0,successful,70,84ca2464-bd0d-41e1-8281-9cbd8381895d,statsbomb
7585,1,2593.0,Colombia,Yerry Fernando Mina González,pass,38.0,55.0,50.0,70.0,successful,70,3d325061-aac5-4a1e-a8dc-01f72c9e0fff,statsbomb
7585,1,2594.533,Colombia,Jefferson Andrés Lerma Solís,carry,50.0,70.0,57.0,77.0,successful,70,97416cef-1512-4dd7-a191-0d45ffacd782,statsbomb
7585,1,2597.36,Colombia,Jefferson Andrés Lerma Solís,pass,57.0,77.0,104.0,59.0,incomplete,70,ac8018c2-111f-4654-9739-94addfa7eeda,statsbomb
7585,1,2600.333,England,Jordan Pickford,carry,17.0,22.0,15.0,22.0,successful,71,9fd1a335-5352-484f-94db-6d356c7b2366,statsbomb
7585,1,2601.88,England,Jordan Pickford,pass,15.0,22.0,35.0,69.0,successful,71,b57cd69d-b85f-4c80-b264-b3c4e3d98dfd,statsbomb
7585,1,2604.08,England,Kieran Trippier,carry,35.0,69.0,35.0,67.0,successful,71,8b23ccb9-df9a-47c2-a2bb-8b02b6a1a9f7,statsbomb
7585,1,2605.093,England,Kieran Trippier,pass,35.0,67.0,25.0,60.0,successful,71,da862478-c940-4239-a57e-6466ca62568e,statsbomb
7585,1,2606.919,England,Kyle Walker,carry,25.0,60.0,39.0,68.0,successful,71,5a71d8ad-c1af-42a6-9bbd-f7bec40be9a8,statsbomb
7585,1,2610.84,England,Kyle Walker,pass,39.0,68.0,69.0,71.0,incomplete,71,8bd70779-fb06-47c4-8779-5c2b4872d5de,statsbomb
7585,1,2614.4,Colombia,Johan Andrés Mojica Palacio,carry,54.0,7.0,54.0,8.0,successful,72,824c75a9-0e15-4dc0-8757-e7655cbebda3,statsbomb
7585,1,2614.84,Colombia,Johan Andrés Mojica Palacio,pass,54.0,8.0,55.0,23.0,successful,72,6bc630cf-e0c4-4582-bde3-922f74e7aab6,statsbomb
7585,1,2615.693,Colombia,Carlos Alberto Sánchez Moreno,carry,55.0,23.0,54.0,24.0,successful,72,8b0f7d53-3e70-485b-a81c-5ec280053c73,statsbomb
7585,1,2617.24,Colombia,Carlos Alberto Sánchez Moreno,pass,54.0,24.0,58.0,29.0,successful,72,42513b9f-64c5-4f16-acee-e1cb88c3cb84,statsbomb
7585,1,2618.133,Colombia,Juan Fernando Quintero Paniagua,carry,58.0,29.0,58.0,26.0,successful,72,72bfbc67-6f22-4b5d-b876-2b1282af631e,statsbomb
7585,1,2618.72,Colombia,Juan Fernando Quintero Paniagua,pass,58.0,26.0,120.0,9.0,out,72,98a9e1dc-5297-415b-9f13-2df41d8761e8,statsbomb
7585,1,2651.92,Colombia,Davinson Sánchez Mina,pass,30.0,18.0,29.0,16.0,incomplete,72,2bd5f739-6f88-4064-bdb4-5ab59d095f0f,statsbomb
7585,1,2654.24,England,Jesse Lingard,carry,92.0,65.0,88.0,61.0,successful,73,1391bb72-70d6-4752-8160-be67dcfacdc9,statsbomb
7585,1,2656.68,England,Jesse Lingard,pass,88.0,61.0,91.0,54.0,successful,73,6c960395-bd47-4abc-978e-0a0887fdc9c0,statsbomb
7585,1,2657.333,England,Harry Kane,carry,91.0,54.0,94.0,59.0,successful,73,8acb0541-981c-452c-9df2-6077ef1bf69f,statsbomb
7585,1,2723.72,Colombia,David Ospina Ramírez,pass,6.0,39.0,68.0,56.0,incomplete,74,00df2f0a-f431-4d83-9537-a0d99995ac2a,statsbomb
7585,1,2727.24,England,Bamidele Alli,pass,53.0,25.0,45.0,24.0,successful,74,a3eec27c-68fc-4c01-a83c-0392bfb73a2d,statsbomb
7585,1,2727.96,England,Ashley Young,pass,45.0,24.0,55.0,29.0,incomplete,74,280bf930-727f-4984-992a-19727462a28e,statsbomb
7585,1,2729.52,Colombia,Juan Fernando Quintero Paniagua,pass,66.0,52.0,63.0,61.0,successful,74,bac6736b-2747-4d24-966f-fe303d5e9de8,statsbomb
7585,1,2730.333,Colombia,Jefferson Andrés Lerma Solís,carry,63.0,61.0,64.0,66.0,successful,74,9af0fe07-96f1-4367-928d-35539b28e072,statsbomb
7585,1,2731.413,Colombia,Jefferson Andrés Lerma Solís,pass,64.0,66.0,65.0,78.0,successful,74,a4f8aef6-998b-4e0c-b375-3506df232cfe,statsbomb
7585,1,2732.44,Colombia,Santiago Arias Naranjo,pass,65.0,78.0,72.0,73.0,successful,74,b81a8102-af0c-4f5e-813a-29887ddf9232,statsbomb
7585,1,2732.88,Colombia,Jefferson Andrés Lerma Solís,carry,72.0,73.0,74.0,78.0,successful,74,ff4f3e44-5505-49fd-be5a-ff907bc1e4b2,statsbomb
7585,1,2734.84,Colombia,Jefferson Andrés Lerma Solís,pass,74.0,78.0,77.0,79.0,successful,74,7317eefc-298d-4604-8250-f80d024b8f57,statsbomb
7585,1,2735.373,Colombia,Santiago Arias Naranjo,carry,77.0,79.0,79.0,79.0,successful,74,58d9f25d-e389-4763-91fa-c38ffcc41424,statsbomb
7585,1,2748.4,Colombia,Santiago Arias Naranjo,pass,76.0,80.0,50.0,73.0,successful,75,73672f05-0b79-4dde-a0fc-b180b6d0488e,statsbomb
7585,1,2750.613,Colombia,Yerry Fernando Mina González,carry,50.0,73.0,55.0,73.0,successful,75,aac96dfc-ff23-4b3b-ab0a-c7650845c855,statsbomb
7585,1,2758.52,Colombia,Yerry Fernando Mina González,pass,55.0,73.0,98.0,60.0,incomplete,75,65e1e566-075a-4846-9e07-d8cd6a296e3a,statsbomb
7585,1,2765.24,Colombia,Radamel Falcao García Zárate,carry,100.0,78.0,113.0,69.0,successful,75,533cbaed-420d-46e3-a264-129ee713cd93,statsbomb
7585,1,2769.36,Colombia,Radamel Falcao García Zárate,pass,113.0,69.0,113.0,67.0,incomplete,75,e6fef30d-1f08-4d7b-bc48-cdd3c84892ee,statsbomb
7585,1,2770.88,Colombia,Santiago Arias Naranjo,carry,103.0,70.0,104.0,65.0,successful,75,f634a24b-1529-4359-a87f-2563ae5579ce,statsbomb
7585,1,2773.36,Colombia,Santiago Arias Naranjo,pass,104.0,65.0,98.0,54.0,successful,75,f8992d68-e070-44e1-94d2-63e6a4a6033e,statsbomb
7585,1,2774.213,Colombia,Juan Fernando Quintero Paniagua,carry,98.0,54.0,97.0,52.0,successful,75,6219f671-0950-4732-a852-4a70f0363d20,statsbomb
7585,1,2784.0,England,Jordan Pickford,pass,13.0,43.0,26.0,66.0,successful,77,3574787b-53b0-49b3-9183-555842216148,statsbomb
7585,1,2786.72,England,Kyle Walker,carry,26.0,66.0,90.0,71.0,successful,77,bcbd6588-72de-460e-8fe4-5a29d32a4c51,statsbomb
7585,1,2800.52,England,Kyle Walker,pass,90.0,71.0,96.0,61.0,successful,77,c280f18a-3191-4c17-880f-88e6b8121d66,statsbomb
7585,1,2801.293,England,Jesse Lingard,carry,96.0,61.0,96.0,67.0,successful,77,e5bd0633-44a2-4ad9-a036-621999572584,statsbomb
7585,1,2802.8,England,Jesse Lingard,pass,96.0,67.0,105.0,79.0,successful,77,1ca6e94f-9e1f-46fd-9f87-4f640871d057,statsbomb
7585,1,2803.72,England,Kieran Trippier,carry,105.0,79.0,108.0,79.0,successful,77,ddaa4b91-4e5d-4c28-80c3-9ef234067540,statsbomb
7585,1,2804.6,England,Kieran Trippier,pass,108.0,79.0,113.0,45.0,incomplete,77,78b47a6f-c3d2-4822-ab18-ffd3b1b2458b,statsbomb
7585,1,2807.535,England,Jesse Lingard,carry,107.0,50.0,108.0,50.0,successful,77,a152a970-7405-4441-af9f-8d9eab184b52,statsbomb
7585,1,2926.28,Colombia,David Ospina Ramírez,pass,7.0,41.0,66.0,56.0,incomplete,78,b81e6386-b9f0-4c1e-9294-034718a4dce5,statsbomb
7585,1,2929.76,England,Harry Maguire,pass,55.0,23.0,55.0,25.0,incomplete,78,00c2abb2-1636-4a70-b78c-66be42549dab,statsbomb
7585,1,2931.72,England,Jordan Brian Henderson,pass,53.0,28.0,65.0,27.0,incomplete,78,19ca2861-4df4-46ec-bff9-0939a6b95e31,statsbomb
7585,1,2933.2,Colombia,Wílmar Enrique Barrios Terán,pass,56.0,54.0,74.0,52.0,incomplete,78,d9a2f060-761d-4165-af46-b29e3b04d269,statsbomb
7585,1,2935.2,England,Jordan Brian Henderson,pass,47.0,29.0,53.0,29.0,incomplete,78,30c71e46-4fbf-414c-9b8e-cfd059700657,statsbomb
7585,1,2936.12,Colombia,Juan Fernando Quintero Paniagua,pass,68.0,52.0,76.0,53.0,successful,78,fb8b1f2e-bc98-459f-b30d-e4bac04dac68,statsbomb
7585,1,2937.04,Colombia,Radamel Falcao García Zárate,pass,76.0,53.0,63.0,31.0,successful,78,b0a89a49-0e7b-409b-ab75-b4eae7ae7401,statsbomb
7585,1,2938.84,Colombia,Johan Andrés Mojica Palacio,carry,63.0,31.0,66.0,22.0,successful,78,240d6e93-378d-4c58-98f2-d29a008cc032,statsbomb
7585,1,2942.12,Colombia,Johan Andrés Mojica Palacio,pass,66.0,22.0,56.0,29.0,successful,78,24566b0c-f3b8-4ca6-9bb0-692bfa826b90,statsbomb
7585,1,2943.693,Colombia,Carlos Alberto Sánchez Moreno,carry,56.0,29.0,55.0,29.0,successful,78,faa9579b-be0f-444e-bdcc-1a3e081cbea0,statsbomb
7585,1,2944.64,Colombia,Carlos Alberto Sánchez Moreno,pass,55.0,29.0,64.0,59.0,successful,78,f1c2de02-3ae0-46a8-b949-227c1f139b42,statsbomb
7585,1,2946.293,Colombia,Jefferson Andrés Lerma Solís,carry,64.0,59.0,64.0,61.0,successful,78,ae35dabe-fe24-4a59-abf7-2262350b1ee0,statsbomb
7585,1,2947.4,Colombia,Santiago Arias Naranjo,carry,71.0,77.0,74.0,77.0,successful,78,2c2d9fcd-d785-4494-aa62-750a6e8f19e6,statsbomb
7585,1,2948.32,Colombia,Santiago Arias Naranjo,pass,74.0,77.0,79.0,78.0,successful,78,fd967b26-a9e6-4feb-9091-a97cc166f94b,statsbomb
7585,1,2949.293,Colombia,Juan Guillermo Cuadrado Bello,carry,79.0,78.0,85.0,79.0,successful,78,5f4c597e-e7b3-429d-95e5-d7e1f777b95c,statsbomb
7585,1,2950.88,Colombia,Juan Guillermo Cuadrado Bello,pass,85.0,79.0,104.0,49.0,incomplete,78,cf6dbbc2-bb45-4af3-84ba-74c01a10ef14,statsbomb
7585,1,2954.04,England,Jesse Lingard,pass,30.0,31.0,35.0,43.0,incomplete,78,d1d3723d-c7ed-4929-82e6-33eaa94f7327,statsbomb
7585,1,2955.56,Colombia,Carlos Alberto Sánchez Moreno,pass,86.0,38.0,94.0,40.0,pass offside,78,8925e3a3-6a7a-41a3-8e00-b870458c8c07,statsbomb
7585,1,2986.4,England,Jordan Pickford,pass,27.0,41.0,120.0,56.0,out,79,f760de24-ce55-4e85-91d3-dbcc57c4642f,statsbomb
7585,2,1.88,England,Bamidele Alli,pass,60.0,41.0,39.0,36.0,successful,80,f612c556-4361-4de1-bfa6-7c1bb6c14ebc,statsbomb
7585,2,2.253,England,John Stones,carry,39.0,36.0,40.0,38.0,successful,80,0a230ccb-9da6-4f51-8a87-bed0d74f12f2,statsbomb
7585,2,3.64,England,John Stones,pass,40.0,38.0,89.0,65.0,incomplete,80,1ce01dcd-a173-44c3-bfc8-9c923f9d69c4,statsbomb
7585,2,6.36,Colombia,Johan Andrés Mojica Palacio,pass,32.0,16.0,47.0,25.0,successful,81,b654b8ed-9006-46ec-a5c4-2d7e3d4ae541,statsbomb
7585,2,8.72,Colombia,Juan Guillermo Cuadrado Bello,carry,47.0,25.0,46.0,26.0,successful,81,784e772a-ccf1-4fc9-b743-16d5650739f7,statsbomb
7585,2,32.28,Colombia,Davinson Sánchez Mina,pass,49.0,27.0,76.0,79.0,successful,82,ec6f891f-d6c0-43fb-a2cf-b2a5edd5fe06,statsbomb
7585,2,34.96,Colombia,Santiago Arias Naranjo,carry,76.0,79.0,76.0,79.0,successful,82,2a113cbd-edf2-439e-8d8d-88c21e81a94e,statsbomb
7585,2,35.64,Colombia,Santiago Arias Naranjo,pass,76.0,79.0,74.0,72.0,successful,82,969c9168-f919-4e06-a9e4-9228b64247f5,statsbomb
7585,2,37.093,Colombia,Jefferson Andrés Lerma Solís,carry,74.0,72.0,77.0,72.0,successful,82,3e133179-00fe-4864-b06f-d72640599656,statsbomb
7585,2,37.96,Colombia,Jefferson Andrés Lerma Solís,pass,77.0,72.0,98.0,59.0,incomplete,82,93c4cb75-f557-4803-add1-cb40b6e91856,statsbomb
7585,2,46.32,Colombia,Yerry Fernando Mina González,pass,30.0,79.0,69.0,73.0,incomplete,82,a8a56a2a-ab16-4b61-a336-9c5a30f6d57d,statsbomb
7585,2,48.88,England,Harry Maguire,pass,52.0,8.0,90.0,31.0,incomplete,82,589e4e6e-6985-41b5-beef-f37dafd6486c,statsbomb
7585,2,52.92,Colombia,Davinson Sánchez Mina,pass,31.0,50.0,56.0,75.0,successful,82,b650997a-acee-4b6c-9f07-7c09628316fa,statsbomb
7585,2,56.04,Colombia,Santiago Arias Naranjo,carry,56.0,75.0,55.0,78.0,successful,82,b27725f6-e3ea-4948-85c7-57d86799ed6a,statsbomb
7585,2,57.84,Colombia,Santiago Arias Naranjo,pass,55.0,78.0,72.0,55.0,incomplete,82,79eac9af-c18e-4a5c-830e-99860d5800fb,statsbomb
7585,2,61.24,England,John Stones,pass,49.0,26.0,70.0,32.0,incomplete,82,8f528cc3-c7a4-4013-b723-9fcf985d657a,statsbomb
7585,2,63.8,Colombia,Carlos Alberto Sánchez Moreno,pass,51.0,49.0,66.0,54.0,successful,82,7e59e0df-86bc-4585-be55-f71c619e6174,statsbomb
7585,2,65.213,Colombia,Radamel Falcao García Zárate,carry,66.0,54.0,64.0,53.0,successful,82,f7bbc754-7947-465b-990c-78f792a246a1,statsbomb
7585,2,66.16,Colombia,Radamel Falcao García Zárate,pass,64.0,53.0,55.0,53.0,successful,82,abb10535-b977-4975-82f3-a6ed9e90a90c,statsbomb
7585,2,66.92,Colombia,Jefferson Andrés Lerma Solís,carry,55.0,53.0,55.0,53.0,successful,82,e895f770-62d8-4844-95f6-0420fd0d5b79,statsbomb
7585,2,67.0,Colombia,Jefferson Andrés Lerma Solís,pass,55.0,53.0,58.0,2.0,successful,82,eec7a164-815b-4599-8e71-3b0eb4ac0334,statsbomb
7585,2,70.8,Colombia,Johan Andrés Mojica Palacio,carry,58.0,2.0,59.0,2.0,successful,82,acaa27a0-37d0-4cb2-863f-152a782fa594,statsbomb
7585,2,71.68,Colombia,Johan Andrés Mojica Palacio,pass,59.0,2.0,64.0,3.0,incomplete,82,10e939c8-5537-4a61-a8ed-1046e349bddc,statsbomb
7585,2,75.92,Colombia,Davinson Sánchez Mina,pass,35.0,23.0,11.0,38.0,successful,82,6bc871dc-93da-4fb1-bb22-84cd56b2c87b,statsbomb
7585,2,79.08,Colombia,David Ospina Ramírez,carry,11.0,38.0,12.0,40.0,successful,82,ee7d9449-ccf1-46e6-b6ba-ce099a750ca9,statsbomb
7585,2,81.24,Colombia,David Ospina Ramírez,pass,12.0,40.0,25.0,15.0,successful,82,851c39bd-d994-46e5-b159-b6d7b01fdde0,statsbomb
7585,2,83.4,Colombia,Davinson Sánchez Mina,carry,25.0,15.0,40.0,10.0,successful,82,c2352a76-7cac-4334-9523-f737b2bc7834,statsbomb
7585,2,87.84,Colombia,Davinson Sánchez Mina,pass,40.0,10.0,73.0,19.0,successful,82,0e80b297-b09d-415d-a8ab-c8fa2d443319,statsbomb
7585,2,89.16,Colombia,Juan Guillermo Cuadrado Bello,carry,73.0,19.0,71.0,19.0,successful,82,a975f548-1a7f-4579-8e0d-eb3694e5860e,statsbomb
7585,2,90.76,Colombia,Juan Guillermo Cuadrado Bello,carry,71.0,19.0,71.0,19.0,successful,82,c9924110-395d-4462-a002-fe5362987978,statsbomb
7585,2,91.44,Colombia,Juan Guillermo Cuadrado Bello,pass,71.0,19.0,67.0,4.0,successful,82,5133b458-44b8-4f73-a5bd-8f3d3e099471,statsbomb
7585,2,92.57300000000001,Colombia,Johan Andrés Mojica Palacio,carry,67.0,4.0,68.0,6.0,successful,82,54b46d6d-7c92-4a5e-ad65-be23251fa2cb,statsbomb
7585,2,94.56,Colombia,Johan Andrés Mojica Palacio,pass,68.0,6.0,79.0,25.0,successful,82,6acaadf8-2897-4ef7-9a8c-a92dfd0586dc,statsbomb
7585,2,95.68,Colombia,Radamel Falcao García Zárate,pass,79.0,25.0,88.0,1.0,out,82,2cd747ac-d1ba-487e-8d42-c5eea655fb4c,statsbomb
7585,2,113.36,England,Kieran Trippier,pass,40.0,78.0,20.0,70.0,successful,83,ada8f994-5edd-4b0d-abde-abf31db48600,statsbomb
7585,2,115.24000000000001,England,Kyle Walker,carry,20.0,70.0,16.0,66.0,successful,83,802bfbe9-062c-4218-aa37-738ced45ad26,statsbomb
7585,2,117.72,England,Kyle Walker,pass,16.0,66.0,14.0,40.0,successful,83,16a0e11f-e82c-4e40-8765-bcaa39667adc,statsbomb
7585,2,119.47999999999999,England,Jordan Pickford,carry,14.0,40.0,18.0,34.0,successful,83,bc062b20-2b83-4a47-a70c-da8a4e7721d5,statsbomb
7585,2,124.28,England,Jordan Pickford,pass,18.0,34.0,19.0,29.0,successful,83,bb96d86c-fe27-4803-9f10-754d7c08e76e,statsbomb
7585,2,125.213,England,Harry Maguire,carry,19.0,29.0,19.0,28.0,successful,83,804776e0-b56f-4ff6-a471-d4f6c1a04289,statsbomb
7585,2,125.96,England,Harry Maguire,pass,19.0,28.0,19.0,46.0,successful,83,1478e99e-943f-4657-b400-c8048f1496da,statsbomb
7585,2,127.24,England,John Stones,carry,19.0,46.0,47.0,32.0,successful,83,5efb926c-414f-4361-a4a6-fa6240c6d254,statsbomb
7585,2,137.2,England,John Stones,pass,47.0,32.0,31.0,20.0,successful,83,f8bdeaaa-215b-489d-b42f-fb628bc2ff84,statsbomb
7585,2,138.453,England,Harry Maguire,carry,31.0,20.0,31.0,21.0,successful,83,cf43b478-d7a1-43a0-a6fb-34e1dd7e4c8d,statsbomb
7585,2,139.07999999999998,England,Harry Maguire,pass,31.0,21.0,44.0,35.0,successful,83,0cffac38-4c35-48c4-8ce0-bc9cad009499,statsbomb
7585,2,140.28,England,John Stones,carry,44.0,35.0,41.0,37.0,successful,83,a1ff2c32-3583-438c-aa37-5d3dd580c125,statsbomb
7585,2,141.6,England,John Stones,pass,41.0,37.0,37.0,66.0,successful,83,77dff1d0-f191-4993-b28a-b77f7859ebbb,statsbomb
7585,2,143.0,England,Kyle Walker,carry,37.0,66.0,40.0,71.0,successful,83,cec04cc4-3a92-4127-91a6-f845531d487f,statsbomb
7585,2,145.32,England,Kyle Walker,pass,40.0,71.0,57.0,75.0,successful,83,d2751481-e316-4d81-b6c5-9fb16adf0974,statsbomb
7585,2,146.96,England,Kieran Trippier,pass,58.0,76.0,51.0,57.0,successful,83,0fb070f6-ad8c-4e22-a56e-da420770524a,statsbomb
7585,2,148.213,England,John Stones,carry,51.0,57.0,54.0,61.0,successful,83,067be501-d8cd-4b5a-9ef0-88499aa5a4bd,statsbomb
7585,2,149.24,England,John Stones,pass,54.0,61.0,43.0,73.0,successful,83,7fb07907-a857-414e-b672-5b1f64c6debf,statsbomb
7585,2,150.8,England,Kieran Trippier,pass,44.0,71.0,19.0,49.0,successful,83,039abf24-3060-4852-8703-e34b92b61e58,statsbomb
7585,2,154.88,England,Kyle Walker,carry,19.0,49.0,27.0,43.0,successful,83,4d69c8a0-4220-4aff-8ed5-ffc0c15c193d,statsbomb
7585,2,158.2,England,Kyle Walker,pass,27.0,43.0,47.0,38.0,successful,83,7bb020f4-cf50-4fb0-bf23-9b53153fcf62,statsbomb
7585,2,159.48,England,Raheem Sterling,carry,47.0,38.0,46.0,36.0,successful,83,56d34f20-258e-4332-a6c5-8ac093ccd3e0,statsbomb
7585,2,160.44,England,Raheem Sterling,pass,46.0,36.0,32.0,41.0,successful,83,94a42dd6-53b1-4821-99a6-a793084eab7a,statsbomb
7585,2,161.96,England,Kyle Walker,pass,33.0,41.0,33.0,17.0,successful,83,ba4f02a7-3c3e-4edb-a958-b5fc8d389187,statsbomb
7585,2,163.28,England,Harry Maguire,pass,34.0,18.0,33.0,34.0,successful,83,554523e3-6030-460a-a617-b7cca999a470,statsbomb
7585,2,164.88,England,Kyle Walker,carry,33.0,34.0,33.0,34.0,successful,83,19b41935-2203-4198-8733-16f20ecd81f0,statsbomb
7585,2,166.6,England,Kyle Walker,pass,33.0,34.0,51.0,78.0,successful,83,343ad7ce-c66e-4949-b0f3-821a2c57319d,statsbomb
7585,2,168.4,England,Kieran Trippier,carry,51.0,78.0,53.0,75.0,successful,83,d2d05af1-e1ec-43f7-b8d4-5353d5cdec0b,statsbomb
7585,2,169.653,England,Kieran Trippier,carry,53.0,75.0,63.0,67.0,successful,83,a6c59251-e1df-4534-8e88-a1cb44a3a748,statsbomb
7585,2,171.96,England,Kieran Trippier,pass,63.0,67.0,85.0,56.0,incomplete,83,03c25376-0a65-4f5e-9fff-389b8d9339b6,statsbomb
7585,2,173.6,Colombia,Davinson Sánchez Mina,pass,36.0,25.0,54.0,24.0,successful,83,cffe931e-b44b-4ac0-92a7-1461476fa7c9,statsbomb
7585,2,175.6,Colombia,Radamel Falcao García Zárate,pass,54.0,24.0,55.0,7.0,incomplete,83,bdd2db0b-8ad7-40c9-935b-0c1a66f90183,statsbomb
7585,2,201.36,Colombia,Johan Andrés Mojica Palacio,pass,69.0,2.0,91.0,9.0,incomplete,84,8c7ff0d4-cd26-431b-9e8d-7cfdbeaa22f9,statsbomb
7585,2,202.72,England,Kieran Trippier,pass,30.0,72.0,21.0,65.0,unknown,84,6a278c3e-c9a3-40f8-9a09-e496351c14e4,statsbomb
7585,2,216.72,England,Kyle Walker,pass,26.0,72.0,32.0,44.0,successful,85,97a2c0e4-5b4e-4936-8b26-0688f0e3a3a5,statsbomb
7585,2,219.48,England,John Stones,carry,32.0,44.0,42.0,43.0,successful,85,6a40542e-364a-4b35-a785-4213159c8606,statsbomb
7585,2,221.2,England,John Stones,pass,42.0,43.0,48.0,40.0,successful,85,1c4faaa3-2d2a-4687-b08a-5451256d014a,statsbomb
7585,2,222.32,England,Bamidele Alli,carry,48.0,40.0,53.0,40.0,successful,85,2dcd30c1-69f8-4c7c-9b7e-4ee8e269172a,statsbomb
7585,2,225.32,England,Bamidele Alli,pass,53.0,40.0,53.0,63.0,successful,85,35444eba-3cae-4a1b-8849-a89b3d6d5651,statsbomb
7585,2,226.48,England,Kyle Walker,carry,53.0,63.0,52.0,63.0,successful,85,0f745910-c6bc-4894-a6fe-e355cb8fb2a9,statsbomb
7585,2,227.68,England,Kyle Walker,pass,52.0,63.0,57.0,38.0,successful,85,bf04f883-7404-4d3e-85d1-0b3306a137eb,statsbomb
7585,2,228.84,England,Bamidele Alli,carry,57.0,38.0,60.0,30.0,successful,85,1439d5db-bdb6-4aa5-be38-41a8c540e315,statsbomb
7585,2,230.28,England,Bamidele Alli,pass,60.0,30.0,53.0,16.0,successful,85,f21d441c-81c2-4a41-bb85-c7485a7e0827,statsbomb
7585,2,231.933,England,Harry Maguire,carry,53.0,16.0,45.0,39.0,successful,85,6c5c66db-d368-4ae9-b9dd-863f2312ff06,statsbomb
7585,2,235.07999999999998,England,Harry Maguire,pass,45.0,39.0,84.0,57.0,incomplete,85,1cc880f9-5000-4087-bb07-f06d581d9dcc,statsbomb
7585,2,237.07999999999998,Colombia,Davinson Sánchez Mina,pass,37.0,24.0,56.0,31.0,successful,86,91b0cc0d-6a00-45c4-bc69-562ba0ba2b02,statsbomb
7585,2,238.69299999999998,Colombia,Juan Guillermo Cuadrado Bello,carry,56.0,31.0,56.0,30.0,successful,86,8165878c-f056-4787-935f-dd9b7d4aa611,statsbomb
7585,2,239.52,Colombia,Juan Guillermo Cuadrado Bello,pass,56.0,30.0,36.0,40.0,successful,86,ce9dc342-171c-472a-94be-61daa48c518e,statsbomb
7585,2,241.32,Colombia,Wílmar Enrique Barrios Terán,carry,36.0,40.0,35.0,41.0,successful,86,dbb09c51-6c5e-44f0-a635-1f331e2ccc15,statsbomb
7585,2,242.28,Colombia,Wílmar Enrique Barrios Terán,pass,35.0,41.0,36.0,61.0,successful,86,0d67e9a6-7d12-4964-b5bc-d55dee659a62,statsbomb
7585,2,243.373,Colombia,Yerry Fernando Mina González,carry,36.0,61.0,36.0,61.0,successful,86,e25226a4-7b25-4a1a-86d7-38499a5244dd,statsbomb
7585,2,244.64,Colombia,Yerry Fernando Mina González,pass,36.0,61.0,47.0,79.0,successful,86,9dc7af17-a7f6-4683-9616-a0d875ba5e7e,statsbomb
7585,2,245.733,Colombia,Santiago Arias Naranjo,carry,47.0,79.0,47.0,76.0,successful,86,0f14bb66-1898-4a30-ad2e-ffd493a1f359,statsbomb
7585,2,246.84,Colombia,Santiago Arias Naranjo,pass,47.0,76.0,60.0,68.0,successful,86,eff718bf-ba22-499d-b477-777f50d7fdde,statsbomb
7585,2,247.893,Colombia,Juan Fernando Quintero Paniagua,carry,60.0,68.0,61.0,73.0,successful,86,b30d7bc4-0f32-460e-8940-c9d4fae15f19,statsbomb
7585,2,250.28,Colombia,Jefferson Andrés Lerma Solís,pass,50.0,77.0,87.0,61.0,incomplete,86,98590eca-b652-4ca5-8786-b6d76ac8b32a,statsbomb
7585,2,253.413,England,John Stones,carry,34.0,20.0,32.0,24.0,successful,87,13a20085-8e58-48c3-928f-025ec9110e47,statsbomb
7585,2,254.32,England,John Stones,pass,32.0,24.0,41.0,20.0,successful,87,a098119e-0db0-4b3e-a19d-2e8df59e5aec,statsbomb
7585,2,255.173,England,Jordan Brian Henderson,carry,41.0,20.0,38.0,26.0,successful,87,749ddebd-ec08-474d-a8d1-aa4f609034fd,statsbomb
7585,2,256.28,England,Jordan Brian Henderson,pass,38.0,26.0,34.0,36.0,successful,87,abdf6884-6ac6-402a-a0aa-a75356b02301,statsbomb
7585,2,257.04,England,John Stones,carry,34.0,36.0,45.0,38.0,successful,87,9c5ff5b7-bd89-4065-b2c3-c7a1e9a4994f,statsbomb
7585,2,261.12,England,John Stones,pass,45.0,38.0,60.0,50.0,successful,87,ad733fcd-14a4-4812-bd36-62115570cd4d,statsbomb
7585,2,262.6,England,Raheem Sterling,carry,60.0,50.0,56.0,53.0,successful,87,de57b75d-8ad8-4ee0-96e5-de0acb5e1ce9,statsbomb
7585,2,263.64,England,Raheem Sterling,pass,56.0,53.0,44.0,75.0,successful,87,b98ba6d0-abd4-4cec-a05e-ef1e7cff9d2d,statsbomb
7585,2,265.16,England,Kieran Trippier,pass,44.0,70.0,32.0,58.0,successful,87,69950bdb-dfbf-4a87-b183-8d50130d2325,statsbomb
7585,2,266.573,England,Kyle Walker,carry,32.0,58.0,32.0,57.0,successful,87,f18e7502-5dfc-4e8c-9409-c7f95a0d2ea0,statsbomb
7585,2,267.88,England,Kyle Walker,pass,32.0,57.0,38.0,43.0,successful,87,503f7a7a-9462-4e39-ad20-e524b3e981a8,statsbomb
7585,2,268.933,England,John Stones,carry,38.0,43.0,40.0,38.0,successful,87,2b733252-44c9-4006-925c-2c53be22572f,statsbomb
7585,2,270.6,England,John Stones,pass,40.0,38.0,41.0,35.0,successful,87,58bfff7f-be6c-4f9c-87e4-1fec0002112e,statsbomb
7585,2,271.52,England,Jordan Brian Henderson,pass,41.0,35.0,38.0,43.0,successful,87,f7fd35ed-e72d-47c1-b230-d9e9e39ebc65,statsbomb
7585,2,272.253,England,John Stones,carry,38.0,43.0,45.0,43.0,successful,87,2b49dea0-841f-4748-8776-bea7e43d2584,statsbomb
7585,2,274.84000000000003,England,John Stones,pass,45.0,43.0,62.0,55.0,successful,87,5af8f224-2da4-46a2-a973-6af6770ee4c9,statsbomb
7585,2,276.0,England,Jesse Lingard,carry,62.0,55.0,60.0,55.0,successful,87,035bfe96-ace6-4923-af75-fe6f29908f3c,statsbomb
7585,2,276.76,England,Jesse Lingard,pass,60.0,55.0,61.0,35.0,successful,87,b1f5bfaf-1a6b-48f9-bd0e-da076e5f345b,statsbomb
7585,2,278.44,England,John Stones,carry,61.0,35.0,65.0,34.0,successful,87,69e3fdba-1959-4ce4-85c3-96a71679724b,statsbomb
7585,2,279.32,England,John Stones,pass,65.0,34.0,78.0,21.0,successful,87,f09eee20-9a4e-430c-b99f-0f721b037077,statsbomb
7585,2,280.52,England,Harry Kane,carry,78.0,21.0,75.0,20.0,successful,87,7e25ce24-6a76-4bf5-ae98-d8f6d55625b5,statsbomb
7585,2,281.48,England,Harry Kane,pass,75.0,20.0,81.0,26.0,successful,87,371e7a03-183e-453d-bf10-d3f7a45bfee9,statsbomb
7585,2,282.133,England,Jesse Lingard,carry,81.0,26.0,95.0,25.0,successful,87,6327b562-0569-4dab-be9f-ddab3d62a3e6,statsbomb
7585,2,284.52,England,Jesse Lingard,pass,95.0,25.0,97.0,32.0,incomplete,87,4c53504d-c502-445d-84d3-7d9a5c7e75e8,statsbomb
7585,2,286.8,Colombia,Carlos Alberto Sánchez Moreno,carry,25.0,50.0,31.0,47.0,successful,88,77034e4f-2f36-44e1-8b36-616757af8be4,statsbomb
7585,2,288.8,Colombia,Carlos Alberto Sánchez Moreno,pass,31.0,47.0,46.0,34.0,successful,88,d17deeba-3933-4ecf-9037-2ad2c3c87834,statsbomb
7585,2,290.56,Colombia,Juan Guillermo Cuadrado Bello,carry,46.0,34.0,55.0,32.0,successful,88,cfb70d97-161a-46af-b60e-0b2bf3da505e,statsbomb
7585,2,291.44,Colombia,Juan Guillermo Cuadrado Bello,pass,55.0,32.0,70.0,17.0,successful,88,2bf518d6-1abe-40fd-ab7e-2010aeea1ed7,statsbomb
7585,2,292.613,Colombia,Radamel Falcao García Zárate,carry,70.0,17.0,71.0,21.0,successful,88,2355b1ad-c970-47f5-a3ec-3acf504677dd,statsbomb
7585,2,295.96,Colombia,Radamel Falcao García Zárate,pass,71.0,21.0,85.0,12.0,successful,88,3e3b86f9-022e-45b3-8ea0-742a35978e10,statsbomb
7585,2,297.56,Colombia,Juan Guillermo Cuadrado Bello,carry,85.0,12.0,74.0,7.0,successful,88,e924a5f8-26f4-4708-af0e-ae0139984ace,statsbomb
7585,2,303.52,Colombia,Juan Guillermo Cuadrado Bello,pass,74.0,7.0,56.0,32.0,successful,88,87f859e3-fa96-405e-acee-aa46123fa174,statsbomb
7585,2,304.893,Colombia,Wílmar Enrique Barrios Terán,carry,56.0,32.0,57.0,34.0,successful,88,7d3e26b2-e1c6-46dd-b7fa-66526ea4e834,statsbomb
7585,2,306.24,Colombia,Wílmar Enrique Barrios Terán,pass,57.0,34.0,60.0,50.0,successful,88,8f3318e0-6f4f-4d6b-9b6c-cdccfd5e8c4a,statsbomb
7585,2,307.413,Colombia,Yerry Fernando Mina González,carry,60.0,50.0,64.0,52.0,successful,88,e9a17c5e-7e39-4275-abe1-617204a98aee,statsbomb
7585,2,308.613,Colombia,Yerry Fernando Mina González,pass,64.0,52.0,70.0,75.0,successful,88,f78f4a7d-45b4-4f9e-95ec-e35e791e21fe,statsbomb
7585,2,309.693,Colombia,Juan Fernando Quintero Paniagua,carry,70.0,75.0,69.0,73.0,successful,88,118ffea4-a5d3-460e-956d-c80a86ea27c7,statsbomb
7585,2,310.6,Colombia,Juan Fernando Quintero Paniagua,pass,69.0,73.0,71.0,63.0,successful,88,dd89662d-95d3-44de-9932-12c8f7471bef,statsbomb
7585,2,311.493,Colombia,Jefferson Andrés Lerma Solís,carry,71.0,63.0,70.0,61.0,successful,88,13aa0ca5-01f6-4c36-b198-c5dc816bf6d4,statsbomb
7585,2,312.0,Colombia,Jefferson Andrés Lerma Solís,pass,70.0,61.0,65.0,63.0,successful,88,cce2939f-5aa5-4565-a570-a00b932fe303,statsbomb
7585,2,312.693,Colombia,Juan Fernando Quintero Paniagua,carry,65.0,63.0,65.0,60.0,successful,88,b3cd9b32-9b6a-4e89-b32c-66d4689a87f0,statsbomb
7585,2,313.8,Colombia,Juan Fernando Quintero Paniagua,pass,65.0,60.0,67.0,52.0,successful,88,9efb07ff-9805-4df3-a32a-6cfe1acd2a3f,statsbomb
7585,2,315.013,Colombia,Wílmar Enrique Barrios Terán,carry,67.0,52.0,75.0,53.0,successful,88,2e22d2c1-d146-4913-9a82-00bbe75f7e60,statsbomb
7585,2,316.76,Colombia,Wílmar Enrique Barrios Terán,pass,75.0,53.0,111.0,63.0,incomplete,88,238c51f3-674b-4e9d-8d2a-be54fd3e018f,statsbomb
7585,2,320.84,England,Jordan Pickford,carry,10.0,18.0,14.0,36.0,successful,89,84890b42-54f2-4ece-91be-a2bb19730dab,statsbomb
7585,2,325.08,England,Jordan Pickford,pass,14.0,36.0,25.0,50.0,successful,89,43c898a6-7a8b-4417-a395-9d90dec477fd,statsbomb
7585,2,326.813,England,Kyle Walker,carry,25.0,50.0,25.0,54.0,successful,89,653bf9c7-2e45-4996-be29-a67bba77b83f,statsbomb
7585,2,327.8,England,Kyle Walker,pass,25.0,54.0,42.0,65.0,successful,89,486ce5a4-3095-4e48-b14c-040f9e5a9abd,statsbomb
7585,2,329.6,England,Jesse Lingard,carry,42.0,65.0,42.0,63.0,successful,89,62983b55-5776-48ad-a638-d1e9c2fc15ab,statsbomb
7585,2,330.2,England,Jesse Lingard,pass,42.0,63.0,29.0,57.0,successful,89,e47fa19c-76b0-40ed-b65b-233b7df98d41,statsbomb
7585,2,331.8,England,Kyle Walker,carry,29.0,57.0,25.0,60.0,successful,89,2236bec9-b4ee-4e9f-8eb1-97532921666d,statsbomb
7585,2,332.36,England,Kyle Walker,pass,25.0,60.0,30.0,43.0,successful,89,8fe8c552-0f8e-408d-bda5-659ced75baa0,statsbomb
7585,2,333.52,England,John Stones,carry,30.0,43.0,39.0,44.0,successful,89,71a2d6b0-e13f-4919-aafa-1f09c70b9bb5,statsbomb
7585,2,336.2,England,John Stones,pass,39.0,44.0,51.0,44.0,successful,89,5d4e7f23-ba91-470f-9753-7ce834e325ac,statsbomb
7585,2,337.15999999999997,England,Jordan Brian Henderson,carry,51.0,44.0,47.0,40.0,successful,89,12199195-6098-4ca0-912a-2c4ac46f96d4,statsbomb
7585,2,343.48,England,Jordan Brian Henderson,pass,47.0,40.0,43.0,53.0,successful,89,122a7de2-1fd3-4536-b331-8d33b94f715e,statsbomb
7585,2,344.32,England,Kyle Walker,carry,43.0,53.0,41.0,44.0,successful,89,6a5c7b1b-ecd7-4c4a-b53a-c30cfd60a8ed,statsbomb
7585,2,346.973,England,Kyle Walker,pass,41.0,44.0,21.0,39.0,successful,89,256f2813-53b1-4f0f-8d49-2e68f609de0e,statsbomb
7585,2,348.55899999999997,England,Jordan Pickford,carry,21.0,39.0,24.0,38.0,successful,89,c20d6872-9a17-4c3c-999e-d176c5f5827b,statsbomb
7585,2,351.48,England,Jordan Pickford,pass,24.0,38.0,27.0,31.0,successful,89,2c45721d-60e5-4346-8738-649544eb5dc9,statsbomb
7585,2,352.32,England,Harry Maguire,carry,27.0,31.0,25.0,26.0,successful,89,8269169e-0ec4-4201-bb89-072b42684d6f,statsbomb
7585,2,353.15999999999997,England,Harry Maguire,pass,25.0,26.0,42.0,38.0,successful,89,6064e466-8de3-483f-97dd-3e0ed46dbf60,statsbomb
7585,2,354.76,England,John Stones,carry,42.0,38.0,52.0,40.0,successful,89,cfe35586-0203-4a2a-a2ba-6eefb259b342,statsbomb
7585,2,358.68,England,John Stones,pass,52.0,40.0,64.0,31.0,successful,89,6c4abf35-eb90-405d-8377-9bf1ee760c9b,statsbomb
7585,2,359.76,England,Raheem Sterling,carry,64.0,31.0,66.0,34.0,successful,89,c5a02a77-752a-4291-bb48-04a15586e92f,statsbomb
7585,2,360.32,England,Raheem Sterling,pass,66.0,34.0,55.0,35.0,successful,89,c98b24d5-2680-4232-bd40-5ebe3c51bbf7,statsbomb
7585,2,361.72,England,John Stones,carry,55.0,35.0,56.0,34.0,successful,89,b85af180-364b-4b91-ba89-09053137d98a,statsbomb
7585,2,362.8,England,John Stones,pass,56.0,34.0,76.0,24.0,successful,89,2b0064f6-20f3-4c32-af99-7b3e6753b2ed,statsbomb
7585,2,363.96,England,Bamidele Alli,carry,76.0,24.0,70.0,15.0,successful,89,e62dab72-0994-4d92-90d7-e923c9b28901,statsbomb
7585,2,365.16,England,Bamidele Alli,pass,70.0,15.0,70.0,2.0,successful,89,9a8a9a7f-8c44-461c-b66f-3cb789c9cdf4,statsbomb
7585,2,365.933,England,Ashley Young,pass,70.0,2.0,103.0,20.0,incomplete,89,493af9f2-4c85-44ee-b160-909da3458bb8,statsbomb
7585,2,383.92,England,Ashley Young,pass,97.0,1.0,106.0,14.0,successful,90,5c427460-fad9-4c07-a3b7-69a20cde2eae,statsbomb
7585,2,384.84,England,Harry Kane,pass,106.0,13.0,99.0,2.0,successful,90,756abd06-b278-4052-a4d7-71e4a081015b,statsbomb
7585,2,385.773,England,Ashley Young,carry,99.0,2.0,98.0,5.0,successful,90,ee9d6562-e762-47ee-b753-0c08ae2d3d75,statsbomb
7585,2,387.12,England,Ashley Young,pass,98.0,5.0,92.0,11.0,successful,90,c081c2e1-49ed-4db1-81e9-85b232511e3f,statsbomb
7585,2,387.813,England,Jesse Lingard,carry,92.0,11.0,92.0,12.0,successful,90,a1bd532d-35de-4f93-a85e-4747314b1f3e,statsbomb
7585,2,388.24,England,Jesse Lingard,pass,92.0,12.0,99.0,2.0,successful,90,5e1f9a9a-9316-4f19-b775-60a9b1294f6a,statsbomb
7585,2,389.013,England,Ashley Young,carry,99.0,2.0,96.0,6.0,successful,90,145ef234-dd03-4285-b882-84fe22dfc94e,statsbomb
7585,2,390.96,England,Ashley Young,pass,96.0,6.0,94.0,13.0,successful,90,14814d47-5ddb-490f-add0-8de3da406367,statsbomb
7585,2,391.8,England,Bamidele Alli,pass,92.0,14.0,96.0,18.0,incomplete,90,f5c5e91a-3560-4322-a7f6-00e621ec4f4b,statsbomb
7585,2,392.08,Colombia,Wílmar Enrique Barrios Terán,pass,25.0,63.0,31.0,76.0,successful,90,2598a10c-a006-4aec-8f54-ef4dd7a43109,statsbomb
7585,2,393.4,Colombia,Juan Fernando Quintero Paniagua,pass,31.0,76.0,46.0,47.0,incomplete,90,a62cd4bc-d9ee-495a-ba66-7024d0b97e9c,statsbomb
7585,2,395.24,England,Jordan Brian Henderson,pass,75.0,34.0,90.0,14.0,unknown,90,fcace6c6-2ac7-4381-a31d-ca9ea217bccc,statsbomb
7585,2,453.44,England,Ashley Young,pass,92.0,14.0,113.0,44.0,incomplete,91,5517c292-4217-4c9f-aef2-1d940e8553c9,statsbomb
7585,2,500.2,England,Kieran Trippier,pass,119.0,79.0,113.0,39.0,unknown,92,2b9b8aa6-68a6-45bb-99f4-ff9ce8e5be77,statsbomb
7585,2,777.2,Colombia,Yerry Fernando Mina González,pass,26.0,48.0,9.0,43.0,successful,94,704894e0-3829-4cc6-986e-a1156f2e5bb2,statsbomb
7585,2,779.333,Colombia,David Ospina Ramírez,pass,9.0,43.0,83.0,41.0,unknown,94,86ad51db-5b1d-41ba-ad51-d99b4251fa2c,statsbomb
7585,2,825.32,Colombia,Wílmar Enrique Barrios Terán,pass,74.0,40.0,76.0,42.0,successful,95,e10bd987-d631-4299-9294-7766d1954f18,statsbomb
7585,2,825.84,Colombia,Juan Fernando Quintero Paniagua,carry,76.0,42.0,78.0,41.0,successful,95,666db4dd-7982-436b-bb04-81069dfd6bee,statsbomb
7585,2,828.76,Colombia,Davinson Sánchez Mina,carry,105.0,50.0,118.0,65.0,successful,95,cb3509c5-04fe-452b-958d-c93b1813b9d0,statsbomb
7585,2,833.6,Colombia,Davinson Sánchez Mina,pass,118.0,65.0,117.0,67.0,incomplete,95,8390393a-8764-4a2e-94ec-b74e22a4497d,statsbomb
7585,2,841.68,Colombia,Jefferson Andrés Lerma Solís,pass,47.0,78.0,33.0,63.0,successful,95,49efe693-32aa-483b-9893-7a3602b0fb9b,statsbomb
7585,2,843.48,Colombia,Wílmar Enrique Barrios Terán,pass,33.0,63.0,47.0,36.0,successful,95,23e7c35b-2e66-4acc-a1b1-85d87c9d586d,statsbomb
7585,2,844.92,Colombia,Carlos Alberto Sánchez Moreno,carry,47.0,36.0,47.0,37.0,successful,95,68046f94-6186-4692-9000-a9f124f439c2,statsbomb
7585,2,846.0,Colombia,Carlos Alberto Sánchez Moreno,pass,47.0,37.0,74.0,59.0,incomplete,95,a5ae8219-58c8-4bb6-b76f-3d20e87cdcbc,statsbomb
7585,2,847.4,England,Harry Maguire,pass,47.0,22.0,73.0,14.0,successful,96,5a01b07e-8b71-42e1-b466-857b9ed78c78,statsbomb
7585,2,848.88,England,Bamidele Alli,pass,72.0,15.0,84.0,28.0,successful,96,2301e5be-613c-4af2-bc5b-c976550fba89,statsbomb
7585,2,850.493,England,Raheem Sterling,carry,84.0,28.0,90.0,29.0,successful,96,d8611286-368c-48df-838f-98228257bb18,statsbomb
7585,2,851.6,England,Raheem Sterling,pass,90.0,29.0,102.0,42.0,incomplete,96,3a60f19e-d897-4753-b036-afbbcb2fe50c,statsbomb
7585,2,854.36,Colombia,Carlos Alberto Sánchez Moreno,pass,19.0,39.0,28.0,23.0,successful,97,3f3f5895-1e9f-4f3b-991d-547dae8df3e3,statsbomb
7585,2,855.48,Colombia,Johan Andrés Mojica Palacio,carry,28.0,23.0,45.0,14.0,successful,97,7c12cebd-e937-4651-828b-3b40d2eb45b4,statsbomb
7585,2,860.64,Colombia,Johan Andrés Mojica Palacio,pass,45.0,14.0,52.0,10.0,successful,97,edfc75b1-095b-4b1b-a110-55a2fa303397,statsbomb
7585,2,861.333,Colombia,Juan Guillermo Cuadrado Bello,carry,52.0,10.0,53.0,9.0,successful,97,26827908-897f-41bd-93db-3499589712c9,statsbomb
7585,2,861.92,Colombia,Juan Guillermo Cuadrado Bello,carry,53.0,9.0,55.0,7.0,successful,97,9675cbf9-13ea-446e-a836-46fbb33450a7,statsbomb
7585,2,874.6,Colombia,Johan Andrés Mojica Palacio,pass,56.0,7.0,42.0,11.0,successful,98,496613f0-efee-4fa3-9491-6fe5ff470aff,statsbomb
7585,2,875.88,Colombia,Davinson Sánchez Mina,carry,42.0,11.0,40.0,14.0,successful,98,0c5123b2-50fa-4ad6-9d86-a093854408cb,statsbomb
7585,2,877.72,Colombia,Davinson Sánchez Mina,pass,40.0,14.0,45.0,30.0,successful,98,5c50ea25-4536-4b17-8fab-c4260be4b7d5,statsbomb
7585,2,879.053,Colombia,Wílmar Enrique Barrios Terán,carry,45.0,30.0,45.0,30.0,successful,98,f61b4e06-1687-43ca-87a0-dc8c38c6fbfb,statsbomb
7585,2,883.253,Colombia,Wílmar Enrique Barrios Terán,pass,45.0,30.0,48.0,22.0,successful,98,6f131ce2-dd1c-495e-b3f7-7100bb1335e3,statsbomb
7585,2,884.853,Colombia,Davinson Sánchez Mina,carry,48.0,22.0,50.0,16.0,successful,98,418ac837-e35b-443c-91d8-58d178fa089d,statsbomb
7585,2,887.4,Colombia,Davinson Sánchez Mina,pass,50.0,16.0,87.0,27.0,incomplete,98,281dd61b-f601-40c7-8adf-294a5ef45076,statsbomb
7585,2,889.373,England,Kieran Trippier,pass,34.0,54.0,60.0,50.0,incomplete,98,3e9f537d-eead-4d40-b983-bf05dfb86a9c,statsbomb
7585,2,892.0,Colombia,Carlos Alberto Sánchez Moreno,pass,61.0,31.0,78.0,33.0,successful,98,614e59ea-182b-48d9-acd4-ba821da97cb8,statsbomb
7585,2,893.04,Colombia,Radamel Falcao García Zárate,pass,79.0,35.0,75.0,25.0,successful,98,40c1d4c0-0800-493f-9691-fdbae6b4e730,statsbomb
7585,2,894.133,Colombia,Juan Guillermo Cuadrado Bello,carry,75.0,25.0,79.0,32.0,successful,98,bc541cd6-a1cf-4972-96de-630682abe1cf,statsbomb
7585,2,894.96,Colombia,Juan Guillermo Cuadrado Bello,carry,79.0,32.0,73.0,29.0,successful,98,095b29e6-0e1a-4f65-a02c-f5c45e819648,statsbomb
7585,2,897.64,Colombia,Juan Guillermo Cuadrado Bello,pass,73.0,29.0,66.0,30.0,successful,98,350dd438-411b-453e-8125-58dc15ea5355,statsbomb
7585,2,898.32,Colombia,Carlos Alberto Sánchez Moreno,carry,66.0,30.0,66.0,30.0,successful,98,4894426e-3bc4-4ddb-be63-aa6664451c75,statsbomb
7585,2,898.76,Colombia,Carlos Alberto Sánchez Moreno,pass,66.0,30.0,66.0,24.0,successful,98,8661e3bc-258e-4767-8461-e28159236c6d,statsbomb
7585,2,899.733,Colombia,Juan Guillermo Cuadrado Bello,carry,66.0,24.0,65.0,24.0,successful,98,3b48fc67-464f-4462-ae23-a516c435f8d8,statsbomb
7585,2,900.16,Colombia,Juan Guillermo Cuadrado Bello,pass,65.0,24.0,54.0,38.0,successful,98,4f2a4f6c-a836-45d1-ba46-735529ff5854,statsbomb
7585,2,901.52,Colombia,Wílmar Enrique Barrios Terán,carry,54.0,38.0,54.0,43.0,successful,98,b90c2866-588e-4fae-925c-c15f1371d602,statsbomb
7585,2,902.8,Colombia,Wílmar Enrique Barrios Terán,pass,54.0,43.0,66.0,72.0,successful,98,5dc2a0d9-7b73-48e3-9ba3-09f20bdb6cf5,statsbomb
7585,2,904.173,Colombia,Juan Fernando Quintero Paniagua,carry,66.0,72.0,69.0,68.0,successful,98,5c0343cd-ae98-437f-9f24-7f4ad69c37e2,statsbomb
7585,2,907.44,Colombia,Juan Fernando Quintero Paniagua,pass,69.0,68.0,71.0,19.0,successful,98,75d17181-0ce6-44d4-960b-ded4923bba7a,statsbomb
7585,2,910.28,Colombia,Johan Andrés Mojica Palacio,carry,71.0,19.0,82.0,8.0,successful,98,be09cfc5-3281-44c3-b11a-20f95b609e4d,statsbomb
7585,2,912.76,Colombia,Johan Andrés Mojica Palacio,pass,82.0,8.0,103.0,39.0,incomplete,98,4698e13a-c963-44bb-b83a-7a5b02b439de,statsbomb
7585,2,915.8,England,Harry Kane,pass,46.0,38.0,56.0,53.0,successful,99,25cfb8df-7bf3-453b-8091-4bd3d475b7e0,statsbomb
7585,2,917.253,England,Raheem Sterling,pass,56.0,53.0,47.0,51.0,successful,99,08013640-1ecc-4c29-a6e0-6f8c735216bb,statsbomb
7585,2,918.452,England,Jesse Lingard,carry,47.0,51.0,46.0,41.0,successful,99,2d8bcdf9-a5e2-4181-b7e0-4e6de27e0a21,statsbomb
7585,2,919.96,England,Jesse Lingard,pass,46.0,41.0,43.0,40.0,successful,99,bf53cd02-2ad9-4ce4-a082-172909b8e6a7,statsbomb
7585,2,921.093,England,Bamidele Alli,pass,43.0,40.0,31.0,51.0,successful,99,6f10c97f-d073-41ec-b15e-d1c85d05bce8,statsbomb
7585,2,922.999,England,Kyle Walker,carry,31.0,51.0,31.0,57.0,successful,99,048678cf-ce58-48ce-8665-4148622ccec9,statsbomb
7585,2,924.28,England,Kyle Walker,pass,31.0,57.0,29.0,41.0,successful,99,5fd0697d-1231-4c74-825a-9503120b93a5,statsbomb
7585,2,925.48,England,John Stones,carry,29.0,41.0,30.0,37.0,successful,99,8c58f981-c1d3-4562-99dc-0dfbf6ec6c56,statsbomb
7585,2,929.6,England,John Stones,pass,30.0,37.0,38.0,40.0,successful,99,4f560505-2543-4d4b-b138-a59bd2ceee81,statsbomb
7585,2,930.72,England,Bamidele Alli,pass,38.0,40.0,29.0,39.0,successful,99,931d79b3-0fae-4451-b08d-38c7f938e2b9,statsbomb
7585,2,931.653,England,John Stones,carry,29.0,39.0,35.0,36.0,successful,99,f0c4ca9c-5e6c-4168-8f47-23276eea315e,statsbomb
7585,2,934.68,England,John Stones,pass,35.0,36.0,55.0,16.0,successful,99,fdf1d13b-0554-48c3-beba-31a49e48c566,statsbomb
7585,2,936.24,England,Bamidele Alli,carry,55.0,16.0,64.0,13.0,successful,99,7c7b20f8-5cfb-4755-87d1-c59a1f4cc1a1,statsbomb
7585,2,939.84,England,Bamidele Alli,pass,64.0,13.0,106.0,6.0,incomplete,99,e93a0d4a-4f71-4239-8418-aca98eae35d1,statsbomb
7585,2,972.6,England,Ashley Young,pass,99.0,2.0,101.0,11.0,successful,100,d8bed175-ba31-481f-ab95-db6beb0bacdf,statsbomb
7585,2,973.533,England,Raheem Sterling,pass,102.0,10.0,99.0,1.0,successful,100,4bdf2e55-2a42-4b12-a4f3-742dc33a6852,statsbomb
7585,2,974.293,England,Ashley Young,carry,99.0,1.0,92.0,2.0,successful,100,f24f8311-b54a-4daa-bf4c-2640ab20c91c,statsbomb
7585,2,979.933,England,Harry Kane,carry,92.0,5.0,84.0,6.0,successful,100,ecfc9e22-c4c2-43db-b341-4dde06d05285,statsbomb
7585,2,1030.8,England,Ashley Young,pass,84.0,5.0,116.0,52.0,successful,101,e3931c59-cf01-468a-ba49-127e39c747ee,statsbomb
7585,2,1033.44,England,Harry Maguire,pass,112.0,52.0,112.0,48.0,incomplete,101,f7d8434f-d2b1-4763-a45e-218b5d6cba1b,statsbomb
7585,2,1036.04,England,Harry Maguire,pass,110.0,59.0,97.0,55.0,successful,101,7c01e86f-aecc-41e5-915f-e55da3e15bc4,statsbomb
7585,2,1037.293,England,Kieran Trippier,carry,97.0,55.0,98.0,55.0,successful,101,67b149b2-518f-47ab-a7b1-c063718cd710,statsbomb
7585,2,1038.253,England,Kieran Trippier,pass,98.0,55.0,117.0,32.0,successful,101,8db7ab75-fb47-4706-bd10-f6d2f26e7811,statsbomb
7585,2,1111.04,England,Harry Maguire,pass,57.0,12.0,46.0,38.0,successful,102,ea8be54e-f5b7-4d92-83fe-7f48f784b2cc,statsbomb
7585,2,1112.48,England,John Stones,carry,46.0,38.0,42.0,42.0,successful,102,61585487-1647-4b48-9d3b-f50c0c3f0457,statsbomb
7585,2,1152.56,England,Jordan Pickford,pass,37.0,43.0,88.0,60.0,successful,103,2e3ac47f-9dce-4665-b588-6c2bb7c938ac,statsbomb
7585,2,1154.613,England,Harry Kane,pass,98.0,51.0,108.0,40.0,incomplete,103,6e052205-212e-4f97-ae30-465c95066375,statsbomb
7585,2,1159.28,Colombia,Santiago Arias Naranjo,carry,10.0,52.0,3.0,72.0,successful,103,a5e0960e-0ba6-4cf8-bce9-e9810c0ddac9,statsbomb
7585,2,1193.173,England,Harry Maguire,pass,45.0,7.0,51.0,13.0,successful,103,4a2e3896-abc8-4de0-9124-8a17bb93da7c,statsbomb
7585,2,1194.319,England,Jordan Brian Henderson,carry,51.0,13.0,51.0,13.0,successful,103,3a1918e7-7cc1-4c94-99fb-a000a64c47da,statsbomb
7585,2,1194.32,England,Jordan Brian Henderson,pass,51.0,13.0,89.0,2.0,out,103,ad50e84f-c234-4796-bbda-2c03784be424,statsbomb
7585,2,1209.92,Colombia,Santiago Arias Naranjo,pass,42.0,80.0,64.0,79.0,incomplete,104,aaf07ff6-c986-4fe6-881e-2d2961e5e44e,statsbomb
7585,2,1211.693,England,Ashley Young,pass,57.0,2.0,68.0,8.0,incomplete,104,dfad4a64-22fc-4999-919d-1231acb74293,statsbomb
7585,2,1214.04,Colombia,Wílmar Enrique Barrios Terán,pass,53.0,73.0,71.0,69.0,incomplete,104,b5c7d48b-3b88-4a23-a56e-540f9a27c3e8,statsbomb
7585,2,1216.16,England,Harry Maguire,pass,50.0,12.0,57.0,13.0,unknown,104,9efe9804-e0da-4fe5-af5f-23529afea12a,statsbomb
7585,2,1257.92,England,Harry Maguire,pass,59.0,14.0,105.0,70.0,incomplete,105,17b92723-c264-4562-a2cb-d6104d7460ce,statsbomb
7585,2,1272.28,England,Kieran Trippier,pass,99.0,79.0,101.0,73.0,successful,106,18bfaa3f-9e87-45a9-8c3e-8b4892a6fa10,statsbomb
7585,2,1273.095,England,Jesse Lingard,pass,101.0,71.0,98.0,79.0,successful,106,cd0faffa-b536-4838-beff-21fb28bb0ace,statsbomb
7585,2,1274.133,England,Kieran Trippier,carry,98.0,79.0,98.0,78.0,successful,106,a0e103a7-b5e5-43da-85b7-b08741ec9509,statsbomb
7585,2,1276.08,England,Kieran Trippier,pass,98.0,78.0,107.0,58.0,incomplete,106,b2891c7f-a177-4b9f-a7cc-b1699238f294,statsbomb
7585,2,1279.48,Colombia,Juan Fernando Quintero Paniagua,pass,24.0,31.0,25.0,27.0,incomplete,106,f04854d2-ff6d-4ea2-bcd4-3a864467fdbe,statsbomb
7585,2,1280.6,Colombia,Juan Fernando Quintero Paniagua,carry,27.0,35.0,30.0,39.0,successful,107,9e46b093-fc54-43c5-9a87-d34367194d2c,statsbomb
7585,2,1282.4,Colombia,Juan Fernando Quintero Paniagua,pass,30.0,39.0,46.0,40.0,successful,107,3f2a0407-525e-4102-b3f4-a1da6793f5f5,statsbomb
7585,2,1284.56,Colombia,Carlos Arturo Bacca Ahumada,carry,46.0,40.0,46.0,41.0,successful,107,fcff3b14-8156-45ed-945f-8f44f5ca2c8b,statsbomb
7585,2,1284.8,Colombia,Carlos Arturo Bacca Ahumada,carry,46.0,41.0,45.0,40.0,successful,107,adc4cf92-ebe0-4f73-bcc3-468529ada7ff,statsbomb
7585,2,1285.36,Colombia,Carlos Arturo Bacca Ahumada,pass,45.0,40.0,50.0,53.0,successful,107,4e470b62-cebb-4818-bb35-4147c991fe1d,statsbomb
7585,2,1287.4,Colombia,Juan Fernando Quintero Paniagua,pass,50.0,54.0,73.0,75.0,incomplete,107,141863c1-1cd5-4d97-9806-e412d1e7249f,statsbomb
7585,2,1288.653,England,Ashley Young,carry,48.0,6.0,80.0,8.0,successful,108,4404cf54-70e0-4173-9f6d-91b1722c4369,statsbomb
7585,2,1294.88,England,Ashley Young,pass,80.0,8.0,93.0,2.0,successful,108,0df9e145-b8d8-45cd-83d4-fedc9824328b,statsbomb
7585,2,1295.853,England,Raheem Sterling,carry,93.0,2.0,92.0,3.0,successful,108,2e0a55ff-793f-4a1b-91f1-d88539bcf1ba,statsbomb
7585,2,1297.12,England,Raheem Sterling,pass,92.0,3.0,102.0,6.0,successful,108,588559d6-7cdc-44fe-9b0f-c1f4b9ea2d4d,statsbomb
7585,2,1298.533,England,Ashley Young,carry,102.0,6.0,111.0,9.0,successful,108,9fd40153-9be9-462f-aca8-fa4ad3f4c0d1,statsbomb
7585,2,1299.68,England,Ashley Young,pass,111.0,9.0,108.0,68.0,incomplete,108,3740111f-a03c-47c7-b85b-b001ce767683,statsbomb
7585,2,1303.84,Colombia,Johan Andrés Mojica Palacio,carry,13.0,13.0,12.0,13.0,successful,109,354d4000-28d0-4d53-8e44-66b9ec14d7b6,statsbomb
7585,2,1304.96,Colombia,Johan Andrés Mojica Palacio,pass,12.0,13.0,8.0,21.0,successful,109,7a164808-2859-43f8-b1c9-bc41f9f95759,statsbomb
7585,2,1306.12,Colombia,Davinson Sánchez Mina,carry,8.0,21.0,12.0,21.0,successful,109,770b98b5-f4f5-4846-ad6b-cc84ac32094e,statsbomb
7585,2,1307.96,Colombia,Davinson Sánchez Mina,pass,12.0,21.0,63.0,21.0,successful,109,7bba80b3-3417-45e5-9392-eb6da6186430,statsbomb
7585,2,1310.64,Colombia,Radamel Falcao García Zárate,pass,63.0,21.0,62.0,21.0,incomplete,109,33c38b2f-4c09-4c24-bef6-d4b3b26973f4,statsbomb
7585,2,1397.08,Colombia,Johan Andrés Mojica Palacio,pass,65.0,1.0,48.0,6.0,successful,110,8d3d81f0-e53f-40a9-8361-c341ae16d920,statsbomb
7585,2,1399.0,Colombia,Davinson Sánchez Mina,carry,48.0,6.0,48.0,9.0,successful,110,a373d990-270c-4ca5-8641-42530ac24a90,statsbomb
7585,2,1400.2,Colombia,Davinson Sánchez Mina,pass,48.0,9.0,54.0,29.0,successful,110,41be2c6b-8c57-4866-980a-f36d117fc706,statsbomb
7585,2,1401.48,Colombia,Wílmar Enrique Barrios Terán,carry,54.0,29.0,56.0,35.0,successful,110,dd664c14-bf91-48f2-b9b6-24df93785e16,statsbomb
7585,2,1404.48,Colombia,Wílmar Enrique Barrios Terán,pass,56.0,35.0,64.0,24.0,successful,110,2e163449-df3f-423a-be60-d9f2f2e94b24,statsbomb
7585,2,1405.44,Colombia,Carlos Alberto Sánchez Moreno,carry,64.0,24.0,64.0,24.0,successful,110,7cf9df5e-d749-4145-8b34-cdd3ae2ba47c,statsbomb
7585,2,1405.52,Colombia,Carlos Alberto Sánchez Moreno,pass,64.0,24.0,55.0,15.0,incomplete,110,c1a22f34-f8fa-4dd9-b4a7-bfa5958b13ee,statsbomb
7585,2,1408.173,England,Jesse Lingard,carry,66.0,66.0,87.0,80.0,successful,110,a8d15186-b30c-4369-9f85-71e6ded0f8e2,statsbomb
7585,2,1436.88,Colombia,Davinson Sánchez Mina,pass,46.0,20.0,39.0,34.0,successful,111,c73aaf8e-b2f7-4b50-9618-ccd419feb9e9,statsbomb
7585,2,1438.08,Colombia,Yerry Fernando Mina González,carry,39.0,34.0,42.0,39.0,successful,111,82c14e78-6e3f-472d-a7c5-5d3a182d817b,statsbomb
7585,2,1441.92,Colombia,Yerry Fernando Mina González,pass,42.0,39.0,47.0,24.0,successful,111,76a50aaa-5664-40a0-ba9c-d54dab4492e7,statsbomb
7585,2,1443.133,Colombia,Davinson Sánchez Mina,carry,47.0,24.0,50.0,24.0,successful,111,52c0b99f-76f6-4215-b40c-47fbd83f26f2,statsbomb
7585,2,1445.2,Colombia,Davinson Sánchez Mina,pass,50.0,24.0,73.0,10.0,successful,111,d0230b84-2a2a-478d-a4a9-22731da53719,statsbomb
7585,2,1446.213,Colombia,Radamel Falcao García Zárate,carry,73.0,10.0,65.0,12.0,successful,111,b544b7a9-e7e3-4193-b50e-b13ad0602d75,statsbomb
7585,2,1449.32,Colombia,Radamel Falcao García Zárate,pass,65.0,12.0,46.0,56.0,successful,111,dd3d8601-6384-48b9-9718-1ad7779b7377,statsbomb
7585,2,1451.92,Colombia,Santiago Arias Naranjo,carry,46.0,56.0,52.0,58.0,successful,111,db930e58-2d65-4464-b660-65bc28034285,statsbomb
7585,2,1453.4,Colombia,Santiago Arias Naranjo,pass,52.0,58.0,65.0,78.0,successful,111,bd0b2d01-cd2f-41c3-a531-488f92f8e921,statsbomb
7585,2,1455.013,Colombia,Juan Guillermo Cuadrado Bello,carry,65.0,78.0,67.0,79.0,successful,111,da0e4cd6-4e16-4705-bec7-7edbdbd2ab33,statsbomb
7585,2,1457.48,Colombia,Juan Guillermo Cuadrado Bello,pass,67.0,79.0,72.0,70.0,successful,111,1ab7b853-abe5-41d8-841a-ec574002db77,statsbomb
7585,2,1458.28,Colombia,Juan Fernando Quintero Paniagua,pass,72.0,70.0,61.0,77.0,successful,111,61a3a1ef-ec65-47ec-8ff0-fdc489e8fe36,statsbomb
7585,2,1459.88,Colombia,Juan Guillermo Cuadrado Bello,carry,61.0,77.0,55.0,77.0,successful,111,d9d5ecbd-059a-4757-b8e1-f393cf9a4296,statsbomb
7585,2,1461.16,Colombia,Juan Guillermo Cuadrado Bello,pass,55.0,77.0,40.0,76.0,successful,111,f6465d23-b448-4c5d-be48-0dcd82483bec,statsbomb
7585,2,1462.293,Colombia,Santiago Arias Naranjo,carry,40.0,76.0,38.0,75.0,successful,111,6c6421f4-5afd-4794-be83-7f19d8ed9fba,statsbomb
7585,2,1463.08,Colombia,Santiago Arias Naranjo,pass,38.0,75.0,35.0,43.0,successful,111,8747994d-e578-4c55-bbd0-94b6748179de,statsbomb
7585,2,1465.16,Colombia,Yerry Fernando Mina González,carry,35.0,43.0,40.0,43.0,successful,111,82a05834-5c39-48e3-8ccd-f6541738e4ff,statsbomb
7585,2,1466.32,Colombia,Yerry Fernando Mina González,pass,40.0,43.0,47.0,22.0,successful,111,ef50285f-a603-4c68-8eff-f23bc4a29810,statsbomb
7585,2,1467.72,Colombia,Davinson Sánchez Mina,carry,47.0,22.0,56.0,12.0,successful,111,396036d2-0cfd-45f0-a197-0677a1dc9183,statsbomb
7585,2,1471.0,Colombia,Davinson Sánchez Mina,pass,56.0,12.0,86.0,22.0,successful,111,bf094536-beeb-4092-9fd5-256225bd10db,statsbomb
7585,2,1472.12,Colombia,Radamel Falcao García Zárate,carry,86.0,22.0,85.0,20.0,successful,111,37a641a6-ed04-4925-be95-bad7a03ad71c,statsbomb
7585,2,1473.24,England,Kieran Trippier,pass,40.0,60.0,41.0,52.0,successful,112,68c18359-3101-48c1-a3fc-b078ea6deda6,statsbomb
7585,2,1473.933,England,Jordan Brian Henderson,pass,43.0,53.0,49.0,60.0,successful,112,40023f4d-f146-417e-8eca-dc6ab8c6fbe2,statsbomb
7585,2,1474.492,England,Jesse Lingard,carry,49.0,60.0,46.0,43.0,successful,112,32dda555-18c1-49c5-999d-f3e70539bd17,statsbomb
7585,2,1476.88,England,Jesse Lingard,pass,46.0,43.0,34.0,36.0,successful,112,ae66a946-7027-4cb2-9de2-9101dfbb6c27,statsbomb
7585,2,1478.48,England,Harry Maguire,carry,34.0,36.0,32.0,39.0,successful,112,398e69c7-2244-4590-b3d7-af7d33a62b63,statsbomb
7585,2,1480.08,England,Harry Maguire,pass,32.0,39.0,25.0,42.0,successful,112,0a8c848a-8b36-43f6-9fdf-ba86fe9a7b25,statsbomb
7585,2,1481.04,England,John Stones,carry,25.0,42.0,23.0,45.0,successful,112,06e0a027-2da0-49c9-803d-038d296f55d9,statsbomb
7585,2,1481.84,England,John Stones,pass,23.0,45.0,19.0,67.0,successful,112,36fdd0b7-1482-4864-ab4d-b8d50f47165b,statsbomb
7585,2,1483.36,England,Kyle Walker,carry,19.0,67.0,39.0,64.0,successful,112,4a8f6520-5e14-4518-9f23-dd40b09d2047,statsbomb
7585,2,1488.44,England,Kyle Walker,pass,39.0,64.0,17.0,55.0,successful,112,3bacf07f-7a20-4ec2-b18a-21f95fbfdbf6,statsbomb
7585,2,1490.32,England,John Stones,carry,17.0,55.0,19.0,52.0,successful,112,a0c4e736-0792-4910-8124-b4d757959770,statsbomb
7585,2,1495.0,England,John Stones,pass,19.0,52.0,6.0,33.0,successful,112,6bc08e42-63dd-40cc-b973-aa3eb0f08a3b,statsbomb
7585,2,1497.12,England,Jordan Pickford,carry,6.0,33.0,7.0,30.0,successful,112,e21b6c56-0f60-42de-95e7-d465dca4a0c0,statsbomb
7585,2,1498.68,England,Jordan Pickford,pass,7.0,30.0,50.0,1.0,successful,112,ee09bad3-dba1-4982-a792-e0a96573cc96,statsbomb
7585,2,1500.76,England,Ashley Young,carry,50.0,1.0,50.0,3.0,successful,112,b32fc27c-701c-44ff-9038-2a06086e9f53,statsbomb
7585,2,1501.88,England,Ashley Young,pass,50.0,3.0,81.0,1.0,successful,112,5b464445-fb54-4a98-8b5b-1c5dfe5ec2a0,statsbomb
7585,2,1504.893,England,Bamidele Alli,carry,81.0,1.0,93.0,1.0,successful,112,54972a6b-0072-49db-be6c-04ab3603b194,statsbomb
7585,2,1508.76,England,Bamidele Alli,pass,93.0,1.0,85.0,2.0,successful,112,ce810da3-50dc-4459-b5e6-926bd3684bdd,statsbomb
7585,2,1509.613,England,Ashley Young,carry,85.0,2.0,94.0,13.0,successful,112,656df1db-653b-413f-b773-bbe862ea73d3,statsbomb
7585,2,1512.12,England,Ashley Young,pass,94.0,13.0,89.0,18.0,successful,112,93e17e22-c447-4f3f-8166-a9a620126bab,statsbomb
7585,2,1512.773,England,Raheem Sterling,carry,89.0,18.0,90.0,19.0,successful,112,53800eca-28e6-432b-bd4d-d732b5148d4b,statsbomb
7585,2,1513.68,England,Raheem Sterling,pass,90.0,19.0,84.0,25.0,successful,112,ce98f699-8d9d-4104-a22f-e6dab0b05a52,statsbomb
7585,2,1514.653,England,Jordan Brian Henderson,carry,84.0,25.0,77.0,41.0,successful,112,d16bbe95-e324-4b2a-8db3-69d6ae007dc6,statsbomb
7585,2,1518.0,England,Jordan Brian Henderson,pass,77.0,41.0,90.0,64.0,successful,112,6f01e73e-4cf1-4c25-8355-4706508a3f5f,statsbomb
7585,2,1519.68,England,Kieran Trippier,pass,89.0,63.0,77.0,69.0,successful,112,6e354dfa-9996-4f4c-9454-1b07af9e9dc8,statsbomb
7585,2,1521.28,England,Kyle Walker,carry,77.0,69.0,65.0,70.0,successful,112,0449a274-43e9-4be4-ac7e-8b85108a5d80,statsbomb
7585,2,1526.293,England,Kyle Walker,pass,65.0,70.0,46.0,50.0,successful,112,350edf67-63c4-4f16-95c3-90808a92c9f4,statsbomb
7585,2,1527.199,England,John Stones,carry,46.0,50.0,41.0,40.0,successful,112,4695b70d-21d8-44ea-9469-0e637d0bcf84,statsbomb
7585,2,1531.56,England,John Stones,pass,41.0,40.0,13.0,37.0,successful,112,2258b783-48c0-4fbb-a208-b579eca8dcb2,statsbomb
7585,2,1533.84,England,Jordan Pickford,carry,13.0,37.0,13.0,37.0,successful,112,ebd5e24c-16f9-4cee-8ffa-799e6842abdf,statsbomb
7585,2,1535.6,England,Jordan Pickford,pass,13.0,37.0,85.0,80.0,out,112,0c782996-94c7-4a78-be68-948b20f081ed,statsbomb
7585,2,1547.2,Colombia,Johan Andrés Mojica Palacio,pass,44.0,1.0,46.0,9.0,successful,113,687fde4c-468e-4299-b6d0-47e50f3408e3,statsbomb
7585,2,1548.56,Colombia,Wílmar Enrique Barrios Terán,carry,46.0,9.0,45.0,6.0,successful,113,9f91c7c0-bc51-4692-a6de-2b857481c20a,statsbomb
7585,2,1548.973,Colombia,Wílmar Enrique Barrios Terán,pass,45.0,6.0,50.0,2.0,successful,113,70e0cee7-9b0f-4e5b-8047-2b8ed3c68ccf,statsbomb
7585,2,1549.693,Colombia,Johan Andrés Mojica Palacio,carry,50.0,2.0,56.0,2.0,successful,113,d02f591f-d04d-4ab9-972a-1a5985067ad1,statsbomb
7585,2,1551.12,Colombia,Johan Andrés Mojica Palacio,pass,56.0,2.0,60.0,4.0,incomplete,113,5d3a84c1-1f78-44b6-b623-cd16af848963,statsbomb
7585,2,1552.76,Colombia,Wílmar Enrique Barrios Terán,pass,51.0,14.0,97.0,35.0,incomplete,113,436de7ff-9d08-44d5-a673-f957153c6fe0,statsbomb
7585,2,1558.733,England,John Stones,carry,25.0,49.0,16.0,51.0,successful,114,c20d1e39-7769-4cd7-850d-15324d964a1d,statsbomb
7585,2,1560.48,England,John Stones,pass,16.0,51.0,23.0,73.0,successful,114,a1896d55-45a2-4db2-a21b-bd9df246fb56,statsbomb
7585,2,1561.96,England,Kieran Trippier,carry,23.0,73.0,24.0,72.0,successful,114,e9353695-5f02-4378-b436-d96d3f0da397,statsbomb
7585,2,1563.213,England,Kieran Trippier,pass,24.0,72.0,8.0,54.0,successful,114,5d73e95c-89cc-4b51-afc2-e183e31be470,statsbomb
7585,2,1565.079,England,John Stones,carry,8.0,54.0,7.0,51.0,successful,114,78726fc8-abe1-4ada-9d7c-370783284b4c,statsbomb
7585,2,1566.88,England,John Stones,pass,7.0,51.0,23.0,40.0,successful,114,a9fa0bdf-45ad-4ac2-a288-b56e737788d0,statsbomb
7585,2,1568.36,England,Harry Maguire,carry,23.0,40.0,34.0,37.0,successful,114,dfba15bb-6e02-40fc-ade6-4a56ef7981b3,statsbomb
7585,2,1570.44,England,Harry Maguire,pass,34.0,37.0,34.0,3.0,successful,114,87d74878-1efc-48df-9358-76398419607b,statsbomb
7585,2,1572.093,England,Ashley Young,carry,34.0,3.0,32.0,7.0,successful,114,dc116ac9-38c4-417a-944d-49d97b9192d7,statsbomb
7585,2,1573.52,England,Ashley Young,pass,32.0,7.0,83.0,13.0,unknown,114,9fa9b308-1bc6-49a7-9eaa-4b3701c6981a,statsbomb
7585,2,1586.04,Colombia,Santiago Arias Naranjo,pass,35.0,72.0,34.0,52.0,successful,115,1b783b0b-0695-460e-be6b-168fcdce7bc0,statsbomb
7585,2,1587.2,Colombia,Wílmar Enrique Barrios Terán,carry,34.0,52.0,35.0,41.0,successful,115,27e8f9f5-bed2-4cfd-9ef3-ddaae8e37ce4,statsbomb
7585,2,1588.6,Colombia,Wílmar Enrique Barrios Terán,pass,35.0,41.0,43.0,24.0,successful,115,de78fc26-1767-4512-b351-15ada5e17aa9,statsbomb
7585,2,1590.84,Colombia,Davinson Sánchez Mina,carry,43.0,24.0,45.0,20.0,successful,115,e68366bf-16ae-429b-8e5d-a4a71925607b,statsbomb
7585,2,1591.653,Colombia,Davinson Sánchez Mina,pass,45.0,20.0,65.0,5.0,successful,115,00ff03da-25fd-4ac4-ba03-1ffeb3928277,statsbomb
7585,2,1592.853,Colombia,Johan Andrés Mojica Palacio,carry,65.0,5.0,66.0,11.0,successful,115,e21a196c-e70a-4a9f-ba83-8a87ccb6055e,statsbomb
7585,2,1594.53,Colombia,Johan Andrés Mojica Palacio,pass,66.0,11.0,77.0,23.0,incomplete,115,2b7ba5c8-543a-4b96-9dca-0dec629fbf6c,statsbomb
7585,2,1595.573,England,Kyle Walker,carry,44.0,58.0,46.0,56.0,successful,116,6d397c6c-4e68-480c-aee4-16ee116608b8,statsbomb
7585,2,1596.4,England,Kyle Walker,carry,46.0,56.0,64.0,54.0,successful,116,e46eaa44-f055-47eb-b4db-5c4442f6a42d,statsbomb
7585,2,1603.48,England,Kyle Walker,pass,64.0,54.0,60.0,73.0,successful,116,82274bc8-e2bb-4b85-a515-6de9d23a9aab,statsbomb
7585,2,1604.52,England,Kieran Trippier,pass,59.0,72.0,43.0,45.0,successful,116,5ba53d72-2d8c-4777-9618-1efdc230e02f,statsbomb
7585,2,1606.52,England,John Stones,carry,43.0,45.0,43.0,49.0,successful,116,5f491dd9-1649-435b-8c69-3bd11328662f,statsbomb
7585,2,1606.72,England,John Stones,pass,43.0,49.0,45.0,52.0,successful,116,bf181a3b-bcf0-4b75-b41a-6cfeb5a61243,statsbomb
7585,2,1607.493,England,Kyle Walker,pass,44.0,52.0,42.0,44.0,successful,116,a6723fed-96b6-42cb-8a3c-fb51793b3b0a,statsbomb
7585,2,1608.773,England,John Stones,pass,42.0,45.0,39.0,49.0,successful,116,728f236f-209d-413f-aba8-c8be316141b6,statsbomb
7585,2,1609.493,England,Kyle Walker,pass,39.0,49.0,39.0,42.0,successful,116,b58070ce-c782-488c-a99d-e570eefc44c6,statsbomb
7585,2,1610.613,England,John Stones,carry,39.0,42.0,39.0,41.0,successful,116,0de05c43-edfa-4a14-8cff-b33e1699b72f,statsbomb
7585,2,1611.76,England,John Stones,pass,39.0,41.0,63.0,25.0,successful,116,15419a2d-1d22-4a66-8a74-1ced4699de8b,statsbomb
7585,2,1613.253,England,Bamidele Alli,carry,63.0,25.0,67.0,23.0,successful,116,cfb591cc-a83f-4fb5-8c23-c041d6523b00,statsbomb
7585,2,1616.28,England,Bamidele Alli,pass,67.0,23.0,82.0,24.0,successful,116,e5cc81b1-dc3f-4565-9843-158a588f7b27,statsbomb
7585,2,1617.373,England,Raheem Sterling,carry,82.0,24.0,80.0,23.0,successful,116,7e7e005e-8cde-4a32-bd07-46f63f9f992c,statsbomb
7585,2,1617.88,England,Raheem Sterling,pass,80.0,23.0,72.0,19.0,successful,116,e511e5cc-89cc-41bd-9bc0-e61f696ddd65,statsbomb
7585,2,1618.773,England,Bamidele Alli,pass,72.0,19.0,107.0,22.0,successful,116,45640b4d-6eff-471e-bb7e-800c46aa66e5,statsbomb
7585,2,1621.453,England,Jesse Lingard,pass,108.0,24.0,108.0,28.0,incomplete,116,6f3f9fed-3eed-4d2a-a8be-5b5f4818b962,statsbomb
7585,2,1655.68,England,Ashley Young,pass,119.0,2.0,108.0,44.0,successful,117,c796df9c-d275-4d38-bb81-154e902a87ce,statsbomb
7585,2,1684.0,Colombia,David Ospina Ramírez,pass,6.0,40.0,73.0,29.0,incomplete,118,d653615e-a687-44a0-9c0a-6638aaf86d63,statsbomb
7585,2,1687.6,England,Kyle Walker,pass,48.0,54.0,58.0,48.0,successful,118,62568764-2540-41fa-8537-b52420ee5b9f,statsbomb
7585,2,1689.88,England,Harry Kane,pass,58.0,48.0,72.0,50.0,incomplete,118,e0cdba98-88bb-4a91-9b26-42ab41ad0e76,statsbomb
7585,2,1691.2,Colombia,Davinson Sánchez Mina,pass,49.0,31.0,60.0,41.0,successful,118,b92baf5d-4b7b-426d-be5e-878f1b7bf50d,statsbomb
7585,2,1692.12,Colombia,Carlos Alberto Sánchez Moreno,carry,60.0,41.0,59.0,39.0,successful,118,3a818e73-6811-4d7e-87aa-984042f829bb,statsbomb
7585,2,1694.2,England,Bamidele Alli,pass,61.0,40.0,58.0,36.0,successful,118,95a7d292-d51c-42de-a771-fee683241d5b,statsbomb
7585,2,1694.813,England,Harry Kane,carry,58.0,36.0,60.0,38.0,successful,118,5ab96a8e-fcd1-403c-aa12-b4f1822f95a5,statsbomb
7585,2,1745.04,England,Ashley Young,pass,120.0,50.0,120.0,50.0,pass offside,119,1ea8752c-6b77-49df-91d5-c24a5764f2e7,statsbomb
7585,2,1766.12,Colombia,Santiago Arias Naranjo,pass,45.0,78.0,28.0,75.0,successful,120,d8aae548-5cb4-48af-9461-18a7d6d6a724,statsbomb
7585,2,1768.04,Colombia,Yerry Fernando Mina González,carry,28.0,75.0,28.0,75.0,successful,120,72a498e4-92ab-4310-a893-8e235d260d2c,statsbomb
7585,2,1769.12,Colombia,Yerry Fernando Mina González,pass,28.0,75.0,30.0,52.0,successful,120,5c2ef084-4eab-4ce8-9b44-4c3e2658c5fd,statsbomb
7585,2,1770.453,Colombia,Wílmar Enrique Barrios Terán,carry,30.0,52.0,34.0,42.0,successful,120,14da53b1-5592-4429-a14f-7d2ee45c5039,statsbomb
7585,2,1771.76,Colombia,Wílmar Enrique Barrios Terán,pass,34.0,42.0,44.0,8.0,successful,120,6ce65c8c-ee1e-4467-a01f-224ed461dfc1,statsbomb
7585,2,1773.4,Colombia,Davinson Sánchez Mina,carry,44.0,8.0,56.0,8.0,successful,120,24c309fb-f453-4b54-b59f-5ce13d8e4e75,statsbomb
7585,2,1775.44,Colombia,Davinson Sánchez Mina,pass,56.0,8.0,91.0,35.0,incomplete,120,97ff9ad8-8a77-479e-be66-e110870477b8,statsbomb
7585,2,1777.68,England,John Stones,pass,30.0,46.0,41.0,52.0,successful,121,49c7cd67-205b-458b-aa20-b00f458658d6,statsbomb
7585,2,1779.2,England,Kieran Trippier,pass,40.0,51.0,40.0,49.0,successful,121,fff4b7ea-e072-4909-bdbe-668b0dce4a50,statsbomb
7585,2,1779.88,England,Jordan Brian Henderson,pass,40.0,49.0,58.0,52.0,incomplete,121,e1e8b69a-d076-421d-9544-10cc705ca5bf,statsbomb
7585,2,1781.48,Colombia,Davinson Sánchez Mina,pass,63.0,29.0,74.0,37.0,successful,122,605e68a1-6ce8-4724-b2ab-b1741012c2eb,statsbomb
7585,2,1783.12,Colombia,Radamel Falcao García Zárate,carry,74.0,37.0,80.0,41.0,successful,122,229d3910-62c0-452b-8be8-35ebc5393a38,statsbomb
7585,2,1784.88,Colombia,Radamel Falcao García Zárate,pass,80.0,41.0,88.0,78.0,successful,122,66f8efcb-65eb-4ad9-afe8-34cb31f8cea1,statsbomb
7585,2,1786.453,Colombia,Juan Guillermo Cuadrado Bello,carry,88.0,78.0,99.0,65.0,successful,122,569845ec-0bc1-4479-ac21-7604a4806ed9,statsbomb
7585,2,1789.88,Colombia,Juan Guillermo Cuadrado Bello,pass,99.0,65.0,99.0,51.0,incomplete,122,5b9a4431-52b6-4f81-a1dd-204740bf6ad9,statsbomb
7585,2,1790.733,England,Bamidele Alli,carry,22.0,30.0,17.0,19.0,successful,122,ef171288-9f39-41f5-a7f1-be0a6a59a56d,statsbomb
7585,2,1794.52,England,Bamidele Alli,pass,17.0,19.0,84.0,6.0,incomplete,122,7d61ed4a-bfca-495d-a86e-235030c09e0c,statsbomb
7585,2,1799.88,Colombia,Yerry Fernando Mina González,carry,37.0,75.0,43.0,66.0,successful,122,321617a5-bc06-4e66-afbe-2ea493c281ad,statsbomb
7585,2,1803.4,Colombia,Yerry Fernando Mina González,pass,43.0,66.0,45.0,51.0,successful,122,78fc728e-26e7-449b-801d-4ca0d5f84886,statsbomb
7585,2,1804.373,Colombia,Wílmar Enrique Barrios Terán,carry,45.0,51.0,51.0,50.0,successful,122,fb62a8e2-ff96-4519-99b9-f3de18e1dafd,statsbomb
7585,2,1806.04,Colombia,Wílmar Enrique Barrios Terán,pass,51.0,50.0,68.0,16.0,successful,122,61c6e410-94f8-4674-8ece-2df84bccf1f3,statsbomb
7585,2,1809.24,Colombia,Davinson Sánchez Mina,carry,68.0,16.0,70.0,14.0,successful,122,babe7529-669b-4990-a15d-98db802968f1,statsbomb
7585,2,1809.48,Colombia,Davinson Sánchez Mina,pass,70.0,14.0,85.0,4.0,successful,122,fed1cb97-c1d2-455d-b276-10271caef73f,statsbomb
7585,2,1811.4,Colombia,Johan Andrés Mojica Palacio,carry,85.0,4.0,91.0,5.0,successful,122,8eabf8ee-c5de-4a66-b842-625b16bf90c0,statsbomb
7585,2,1817.773,Colombia,Johan Andrés Mojica Palacio,pass,89.0,3.0,76.0,2.0,successful,122,2b871076-fe8f-4de2-9b66-2786abfa0ff3,statsbomb
7585,2,1819.373,Colombia,Davinson Sánchez Mina,carry,76.0,2.0,75.0,2.0,successful,122,3d0af686-0bce-4407-9e67-73ee7db71118,statsbomb
7585,2,1820.36,Colombia,Davinson Sánchez Mina,pass,75.0,2.0,62.0,23.0,successful,122,98f188ed-a32a-494a-a5e9-b356cecdce34,statsbomb
7585,2,1821.96,Colombia,Wílmar Enrique Barrios Terán,carry,62.0,23.0,61.0,28.0,successful,122,db936652-f073-4ce3-bbe5-f6e4686a8ad3,statsbomb
7585,2,1823.4,Colombia,Wílmar Enrique Barrios Terán,pass,61.0,28.0,66.0,76.0,successful,122,b4c9ec80-1c49-45a3-9143-c0ceec2ba3ab,statsbomb
7585,2,1825.8,Colombia,Santiago Arias Naranjo,carry,66.0,76.0,73.0,75.0,successful,122,4638303e-eec9-475f-960d-334509f88ddc,statsbomb
7585,2,1827.88,Colombia,Santiago Arias Naranjo,pass,73.0,75.0,73.0,61.0,successful,122,c86ebcba-a6fd-4a85-acd3-67d3f253a8b3,statsbomb
7585,2,1828.68,Colombia,Juan Fernando Quintero Paniagua,carry,73.0,61.0,69.0,65.0,successful,122,a5ed39e6-5291-4309-9f0d-eaac6dc70576,statsbomb
7585,2,1831.8,Colombia,Juan Fernando Quintero Paniagua,pass,69.0,65.0,73.0,78.0,successful,122,e1c87f4c-2ac6-47f1-b6bd-af87f1730984,statsbomb
7585,2,1833.013,Colombia,Santiago Arias Naranjo,carry,73.0,78.0,73.0,78.0,successful,122,3c5e38c4-3e22-4709-8bb6-8bc47231a697,statsbomb
7585,2,1833.72,Colombia,Santiago Arias Naranjo,pass,73.0,78.0,86.0,79.0,successful,122,89365e5b-4e7f-46d4-aa6c-81f44de62349,statsbomb
7585,2,1834.72,Colombia,Juan Guillermo Cuadrado Bello,carry,86.0,79.0,90.0,79.0,successful,122,fcd3ba3b-09b7-411a-95a1-8f1fca3b3818,statsbomb
7585,2,1836.48,Colombia,Juan Guillermo Cuadrado Bello,pass,90.0,79.0,109.0,47.0,incomplete,122,6c3a8993-349b-4d15-8c16-5b3c87027f0d,statsbomb
7585,2,1841.92,Colombia,Davinson Sánchez Mina,carry,75.0,41.0,77.0,40.0,successful,122,97e903fe-d256-4d46-86db-e5e1145918e3,statsbomb
7585,2,1842.76,Colombia,Davinson Sánchez Mina,pass,77.0,40.0,89.0,62.0,successful,122,af86d6d9-471d-4296-869f-9993a186b82d,statsbomb
7585,2,1844.4,Colombia,Juan Fernando Quintero Paniagua,carry,89.0,62.0,90.0,58.0,successful,122,ea54e262-e9a5-48f2-ad67-97ce8d278b1a,statsbomb
7585,2,1847.12,Colombia,Juan Fernando Quintero Paniagua,pass,90.0,58.0,108.0,38.0,successful,122,0ac0615f-9895-42aa-aa9c-1518bf1faf0c,statsbomb
7585,2,1848.88,Colombia,Carlos Arturo Bacca Ahumada,pass,108.0,38.0,108.0,31.0,incomplete,122,bd2b4bed-236b-45da-a7c5-eadbf3b7a6ab,statsbomb
7585,2,1856.6,Colombia,Yerry Fernando Mina González,carry,45.0,7.0,47.0,5.0,successful,122,c080518b-462f-4572-b1f9-27fc02818236,statsbomb
7585,2,1858.2,Colombia,Yerry Fernando Mina González,pass,47.0,5.0,69.0,4.0,successful,122,df1231cb-876c-4745-88e6-4dd0ef3b880b,statsbomb
7585,2,1859.68,Colombia,Davinson Sánchez Mina,carry,69.0,4.0,67.0,5.0,successful,122,1d111452-1f24-48ad-8fcc-b86c01596b6e,statsbomb
7585,2,1861.36,Colombia,Davinson Sánchez Mina,pass,67.0,5.0,57.0,22.0,successful,122,e5d3c1f3-0ae4-4462-b3e6-0080137feeac,statsbomb
7585,2,1862.64,Colombia,Wílmar Enrique Barrios Terán,carry,57.0,22.0,65.0,38.0,successful,122,8b4866ed-7883-4b35-b1e0-9f3d25e4254a,statsbomb
7585,2,1867.44,Colombia,Wílmar Enrique Barrios Terán,pass,65.0,38.0,79.0,64.0,successful,122,997661d6-654e-41a6-9599-cea267028bdd,statsbomb
7585,2,1868.64,Colombia,Juan Fernando Quintero Paniagua,carry,79.0,64.0,88.0,67.0,successful,122,939ea561-620e-4277-8136-a38bcde547e4,statsbomb
7585,2,1871.04,Colombia,Juan Fernando Quintero Paniagua,pass,88.0,67.0,94.0,78.0,successful,122,35e3dc1e-47ee-4e00-8992-7726da09ca55,statsbomb
7585,2,1872.133,Colombia,Juan Guillermo Cuadrado Bello,carry,94.0,78.0,97.0,67.0,successful,122,b5971d34-7e76-4b0f-be4a-7c078b3c95b2,statsbomb
7585,2,1875.52,Colombia,Juan Guillermo Cuadrado Bello,pass,97.0,67.0,110.0,53.0,successful,122,f7edd218-1f2b-4d31-980a-992ffc4f566b,statsbomb
7585,2,1877.4,Colombia,Carlos Arturo Bacca Ahumada,carry,110.0,53.0,110.0,55.0,successful,122,80aea369-dd41-4166-b84e-1ef493d1c941,statsbomb
7585,2,1878.16,Colombia,Carlos Arturo Bacca Ahumada,pass,110.0,55.0,109.0,51.0,incomplete,122,4e73dde3-facd-4e96-beb9-267cd13b393f,statsbomb
7585,2,1882.24,Colombia,Santiago Arias Naranjo,pass,83.0,61.0,95.0,62.0,incomplete,122,f10e98d4-c060-4966-b1e9-3a74ab8f00d4,statsbomb
7585,2,1883.772,England,Ashley Young,pass,26.0,19.0,38.0,18.0,successful,123,a729db07-4314-40e0-9641-9702e8816514,statsbomb
7585,2,1884.612,England,Raheem Sterling,carry,38.0,18.0,88.0,29.0,successful,123,5a8cdc53-253f-4256-bd43-ef95e93d60e1,statsbomb
7585,2,1890.64,England,Raheem Sterling,pass,88.0,29.0,108.0,53.0,successful,123,ef632ddc-595d-4932-873d-b8a741475cba,statsbomb
7585,2,1893.253,England,Jesse Lingard,carry,108.0,53.0,108.0,54.0,successful,123,f2bb35b5-222d-4c01-ae29-acb52571d760,statsbomb
7585,2,1901.52,Colombia,Johan Andrés Mojica Palacio,pass,26.0,16.0,25.0,30.0,successful,125,06011661-0fd8-4ec8-9576-b92f552b816e,statsbomb
7585,2,1903.733,Colombia,Carlos Alberto Sánchez Moreno,carry,25.0,30.0,24.0,33.0,successful,125,1076d2ff-9176-461a-8b2f-305d9899808d,statsbomb
7585,2,1904.68,Colombia,Carlos Alberto Sánchez Moreno,pass,24.0,33.0,27.0,59.0,successful,125,219c75a4-7c1b-4d7d-9560-7e4bf743e0df,statsbomb
7585,2,1906.133,Colombia,Wílmar Enrique Barrios Terán,carry,27.0,59.0,28.0,61.0,successful,125,8b8d277a-ce36-4531-84c8-bc4e7de6e400,statsbomb
7585,2,1907.44,Colombia,Wílmar Enrique Barrios Terán,pass,28.0,61.0,39.0,65.0,successful,125,8d093f4e-cded-45a3-8319-b0f26a9a4c69,statsbomb
7585,2,1909.453,Colombia,Juan Fernando Quintero Paniagua,carry,39.0,65.0,44.0,63.0,successful,125,a702e7dd-2b19-4bab-9c10-288297c4190c,statsbomb
7585,2,1911.64,Colombia,Juan Fernando Quintero Paniagua,pass,44.0,63.0,48.0,39.0,successful,125,30d426fe-ce25-4598-aed6-ba1bb74f423d,statsbomb
7585,2,1913.373,Colombia,Carlos Alberto Sánchez Moreno,carry,48.0,39.0,52.0,35.0,successful,125,c283b535-404d-48dc-9496-0e30a65554cf,statsbomb
7585,2,1914.493,Colombia,Carlos Alberto Sánchez Moreno,pass,52.0,35.0,60.0,7.0,successful,125,a69dcc81-b493-42d7-be08-f122be0f4504,statsbomb
7585,2,1915.933,Colombia,Johan Andrés Mojica Palacio,carry,60.0,7.0,99.0,4.0,successful,125,0caef2da-2ebf-47f7-bda5-c52d3016a492,statsbomb
7585,2,1922.92,Colombia,Johan Andrés Mojica Palacio,pass,99.0,4.0,112.0,35.0,incomplete,125,83a54eab-bd8c-4aa0-b69b-45d1c87e90d2,statsbomb
7585,2,1926.133,England,Jordan Brian Henderson,carry,18.0,58.0,26.0,59.0,successful,126,816d1557-540c-438b-a19a-e7f8dd87de13,statsbomb
7585,2,1927.8,England,Jordan Brian Henderson,pass,26.0,59.0,48.0,57.0,successful,126,95298b1a-6139-4688-acaa-403ee0a625d2,statsbomb
7585,2,1928.893,England,Jesse Lingard,carry,48.0,57.0,55.0,64.0,successful,126,2291838e-0371-49f3-96e6-d5d45c60920b,statsbomb
7585,2,1931.76,England,Jesse Lingard,pass,55.0,64.0,89.0,77.0,successful,126,acbb5f17-8748-46eb-a088-8d6eee51ec1e,statsbomb
7585,2,1934.813,England,Jordan Brian Henderson,pass,89.0,77.0,103.0,46.0,incomplete,126,b847f9f6-edf9-44a8-9d13-72169df1afa2,statsbomb
7585,2,1936.32,Colombia,Yerry Fernando Mina González,pass,18.0,35.0,24.0,17.0,successful,127,4602e630-991a-422f-8067-67e7023d864f,statsbomb
7585,2,1937.853,Colombia,Davinson Sánchez Mina,carry,24.0,17.0,24.0,17.0,successful,127,4ebdab8a-a81c-4233-934f-6a3a95ed7d36,statsbomb
7585,2,1938.96,Colombia,Davinson Sánchez Mina,pass,24.0,17.0,34.0,25.0,successful,127,99ccdabc-c46e-4d10-8ca2-7dd1c9344aba,statsbomb
7585,2,1939.893,Colombia,Carlos Alberto Sánchez Moreno,carry,34.0,25.0,37.0,30.0,successful,127,2994db1b-ce98-45ef-80a7-4998dcfd2ac9,statsbomb
7585,2,1941.56,Colombia,Carlos Alberto Sánchez Moreno,pass,37.0,30.0,55.0,71.0,successful,127,d587b9e0-c436-468f-a92b-5d6f24e472c3,statsbomb
7585,2,1943.56,Colombia,Juan Fernando Quintero Paniagua,carry,55.0,71.0,97.0,62.0,successful,127,1368117b-feee-438e-9736-e22633d18b29,statsbomb
7585,2,1952.24,Colombia,Juan Fernando Quintero Paniagua,pass,97.0,62.0,107.0,41.0,incomplete,127,a3c452b7-a24e-4fdb-90be-fe61e9961376,statsbomb
7585,2,1954.96,Colombia,Radamel Falcao García Zárate,carry,101.0,40.0,104.0,25.0,successful,127,8fbc00ce-6eb1-485b-a3b3-affce6d063c1,statsbomb
7585,2,1957.52,Colombia,Radamel Falcao García Zárate,pass,104.0,25.0,99.0,17.0,successful,127,bf7d0e70-85ec-4ac7-ae18-be794c15eef9,statsbomb
7585,2,1958.893,Colombia,Johan Andrés Mojica Palacio,carry,99.0,17.0,101.0,15.0,successful,127,fbe739b6-dd51-45de-a07f-1a66bd3f0bd7,statsbomb
7585,2,1962.8,Colombia,Johan Andrés Mojica Palacio,pass,101.0,15.0,85.0,26.0,successful,127,bf5375e0-c0a0-49d0-8261-5cb5843b9fa4,statsbomb
7585,2,1964.333,Colombia,Carlos Alberto Sánchez Moreno,carry,85.0,26.0,83.0,26.0,successful,127,b5da9a76-6f8e-4686-8bb0-76c3883fc8c7,statsbomb
7585,2,1965.28,Colombia,Carlos Alberto Sánchez Moreno,pass,83.0,26.0,89.0,44.0,successful,127,68e35ba6-d394-4b84-8544-23e5272f7f9e,statsbomb
7585,2,1966.613,Colombia,Juan Fernando Quintero Paniagua,carry,89.0,44.0,89.0,44.0,successful,127,3bfc4d4c-3336-43cd-80f8-11c075eebe8f,statsbomb
7585,2,1967.48,Colombia,Juan Fernando Quintero Paniagua,pass,89.0,44.0,102.0,46.0,successful,127,bd0b8672-b3d1-4119-8720-71b146a5c0d9,statsbomb
7585,2,1968.08,Colombia,Carlos Arturo Bacca Ahumada,carry,102.0,46.0,101.0,44.0,successful,127,47eb7a81-f105-4f16-a386-77f82d57a5c8,statsbomb
7585,2,2017.2,England,Jordan Pickford,pass,25.0,27.0,90.0,58.0,successful,128,0697c3b5-e0bc-48ac-8a45-745eda6ee9c2,statsbomb
7585,2,2020.92,England,Harry Kane,pass,92.0,52.0,96.0,44.0,incomplete,128,1988d287-bbf4-4c7a-a183-a1a9eadb1c2f,statsbomb
7585,2,2025.96,Colombia,Radamel Falcao García Zárate,pass,56.0,52.0,45.0,58.0,successful,129,3ad03c1c-70cd-4042-b061-3ca880709eab,statsbomb
7585,2,2027.0529999999999,Colombia,Juan Fernando Quintero Paniagua,carry,45.0,58.0,47.0,53.0,successful,129,55ec1bbc-fa9e-4b83-bcb5-c9d50ce8ede1,statsbomb
7585,2,2029.573,Colombia,Juan Fernando Quintero Paniagua,pass,47.0,53.0,51.0,52.0,incomplete,129,e7c59eb2-caa5-4fef-b621-4c9ff36e3bae,statsbomb
7585,2,2031.64,Colombia,Juan Fernando Quintero Paniagua,pass,57.0,55.0,73.0,78.0,successful,129,3152e074-283e-402a-9b7f-3d5ca914c5f5,statsbomb
7585,2,2033.133,Colombia,Juan Guillermo Cuadrado Bello,carry,73.0,78.0,82.0,76.0,successful,129,c1ae3d44-f6fc-42a5-96ce-b1c4c21944ef,statsbomb
7585,2,2037.8,Colombia,Juan Guillermo Cuadrado Bello,pass,82.0,76.0,96.0,51.0,incomplete,129,4b879c5b-4bc2-43c9-becf-c93ec3a32124,statsbomb
7585,2,2040.173,England,John Stones,carry,25.0,30.0,28.0,32.0,successful,130,3e0d240d-c14f-44b6-bd94-96cdead72cdf,statsbomb
7585,2,2041.16,England,John Stones,pass,28.0,32.0,43.0,27.0,successful,130,62fb5f5b-08e0-4abd-84e6-6ba6023e8b1a,statsbomb
7585,2,2042.213,England,Harry Kane,carry,43.0,27.0,66.0,7.0,successful,130,b1cb3cb9-38fb-4bca-ab52-38e416a2ddc4,statsbomb
7585,2,2135.44,England,Ashley Young,pass,72.0,5.0,119.0,77.0,successful,131,1a0e281e-e089-4d8e-aaae-ac07847e8619,statsbomb
7585,2,2141.64,England,Harry Kane,carry,119.0,77.0,119.0,79.0,successful,131,11b1cea1-a950-43c9-9478-7ddda60ea72d,statsbomb
7585,2,2142.96,Colombia,Johan Andrés Mojica Palacio,carry,4.0,5.0,3.0,7.0,successful,131,a399a8bd-4d41-40d1-9126-0f910416bb22,statsbomb
7585,2,2144.0,Colombia,Johan Andrés Mojica Palacio,pass,3.0,7.0,35.0,23.0,incomplete,131,805755f0-0547-48b7-bd10-c0b5e96f8bdb,statsbomb
7585,2,2145.84,England,Eric Dier,carry,86.0,58.0,84.0,69.0,successful,131,68918892-35ff-4603-80fa-c0c3601fb797,statsbomb
7585,2,2148.96,England,Eric Dier,pass,84.0,69.0,65.0,66.0,successful,131,5d9b5d31-ff7d-4b85-9925-f3ce5af5f146,statsbomb
7585,2,2149.84,England,Kyle Walker,carry,65.0,66.0,64.0,58.0,successful,131,22ef1989-54f6-4108-a27a-b829af25126f,statsbomb
7585,2,2151.16,Colombia,Carlos Arturo Bacca Ahumada,carry,57.0,23.0,94.0,34.0,successful,132,0f7e5bbe-d5e0-496e-8645-f275dafc9772,statsbomb
7585,2,2155.72,Colombia,Carlos Arturo Bacca Ahumada,pass,94.0,34.0,102.0,52.0,successful,132,3f1aa80f-d585-44f3-9f0f-0e8a31fbb949,statsbomb
7585,2,2157.2,Colombia,Juan Guillermo Cuadrado Bello,carry,102.0,52.0,108.0,52.0,successful,132,e024f925-27c4-46b6-bdc3-2f967127065c,statsbomb
7585,2,2201.04,England,Harry Kane,pass,82.0,60.0,78.0,56.0,incomplete,133,106e5ee1-d094-417a-8c7d-5ca0d65d6e20,statsbomb
7585,2,2202.68,Colombia,Andrés Mateus Uribe Villa,pass,43.0,25.0,57.0,19.0,incomplete,133,e7a70607-e0c8-47e3-8caf-f8515a744ce2,statsbomb
7585,2,2204.693,England,John Stones,pass,64.0,62.0,70.0,67.0,successful,133,364e90ee-f9b9-4a10-855c-ca0117116055,statsbomb
7585,2,2205.453,England,Kieran Trippier,carry,70.0,67.0,65.0,72.0,successful,133,f2ff8a34-1cbb-40fc-8825-52eecd68df57,statsbomb
7585,2,2206.04,England,Kieran Trippier,pass,65.0,72.0,47.0,69.0,successful,133,a65dd5f2-6fc1-4c72-8a87-99a577b8ff4b,statsbomb
7585,2,2207.24,England,Kyle Walker,carry,47.0,69.0,51.0,64.0,successful,133,363c3dea-ca45-4377-81ef-f3860197d6ae,statsbomb
7585,2,2208.253,England,Kyle Walker,pass,51.0,64.0,43.0,28.0,successful,133,55bfec17-929e-46af-9b97-9d8cd460c2cf,statsbomb
7585,2,2209.839,England,Harry Maguire,carry,43.0,28.0,44.0,27.0,successful,133,a7372ed7-b033-4d89-9957-28bd70ad73b0,statsbomb
7585,2,2212.68,England,Harry Maguire,pass,44.0,27.0,16.0,39.0,successful,133,ac5b4106-a77e-4fed-9cfb-716f26431f7b,statsbomb
7585,2,2215.093,England,Jordan Pickford,carry,16.0,39.0,15.0,45.0,successful,133,70e3ea78-2ba5-4842-aa68-26cc1c25c767,statsbomb
7585,2,2216.6,England,Jordan Pickford,pass,15.0,45.0,70.0,75.0,incomplete,133,7f261b4e-040b-41c8-91df-f987a6096062,statsbomb
7585,2,2220.0,Colombia,Davinson Sánchez Mina,pass,51.0,6.0,55.0,14.0,incomplete,133,292531ad-e7a7-4033-b373-1aaf7ba7efb2,statsbomb
7585,2,2221.573,England,Harry Kane,pass,66.0,67.0,101.0,60.0,successful,133,b482b020-6864-468e-b8bc-bfb0d9f87bbc,statsbomb
7585,2,2224.159,England,Jesse Lingard,carry,101.0,60.0,104.0,64.0,successful,133,c7962663-a4ff-42c8-8354-ce6901794333,statsbomb
7585,2,2256.8,Colombia,Davinson Sánchez Mina,pass,14.0,4.0,8.0,11.0,successful,134,bb426e8d-7e2f-4683-95e0-027632f83b98,statsbomb
7585,2,2257.933,Colombia,Johan Andrés Mojica Palacio,pass,8.0,11.0,32.0,15.0,successful,134,66658cde-29ca-4942-bd6f-cbfda3a1feb4,statsbomb
7585,2,2258.879,Colombia,Andrés Mateus Uribe Villa,carry,32.0,15.0,32.0,15.0,successful,134,5d819360-1d7c-48c2-8c3b-39b4549145cb,statsbomb
7585,2,2262.2,England,Harry Kane,carry,87.0,44.0,80.0,43.0,successful,135,a8c4e40e-8549-475c-8149-00cf490b3cf1,statsbomb
7585,2,2304.12,England,Kieran Trippier,pass,83.0,42.0,116.0,30.0,successful,136,5dc90892-2a5c-45c3-b14b-de829c3bcc72,statsbomb
7585,2,2321.64,Colombia,Wílmar Enrique Barrios Terán,pass,19.0,51.0,13.0,66.0,successful,137,385f7967-ce0f-4706-b848-eb6c6a6a8377,statsbomb
7585,2,2323.293,Colombia,Yerry Fernando Mina González,carry,13.0,66.0,14.0,67.0,successful,137,f501b60e-1c08-43a7-8259-9cd2d5f0b6f1,statsbomb
7585,2,2324.88,Colombia,Yerry Fernando Mina González,pass,14.0,67.0,28.0,78.0,successful,137,65ed17b5-851b-41a6-940f-2413ab9154b6,statsbomb
7585,2,2326.04,Colombia,Juan Guillermo Cuadrado Bello,carry,28.0,78.0,33.0,79.0,successful,137,680d7689-de9f-4260-9b30-26d7678acf7a,statsbomb
7585,2,2327.56,Colombia,Juan Guillermo Cuadrado Bello,pass,33.0,79.0,46.0,30.0,successful,137,69418318-47c6-451b-8cea-79d153d7c2f2,statsbomb
7585,2,2330.08,Colombia,Andrés Mateus Uribe Villa,carry,46.0,30.0,53.0,26.0,successful,137,de60c6aa-11ad-435b-b9e8-b3644906f7ae,statsbomb
7585,2,2331.08,Colombia,Andrés Mateus Uribe Villa,pass,53.0,26.0,68.0,15.0,successful,137,bc054e12-2512-4e81-86df-b22a1b70b7a2,statsbomb
7585,2,2332.28,Colombia,Carlos Arturo Bacca Ahumada,carry,68.0,15.0,85.0,29.0,successful,137,abcc4068-f3c3-461b-beae-849f238bbf70,statsbomb
7585,2,2336.6,Colombia,Carlos Arturo Bacca Ahumada,pass,85.0,29.0,89.0,41.0,successful,137,ac10735f-9514-4e3c-8722-74c5ae1e6cc6,statsbomb
7585,2,2337.44,Colombia,Juan Fernando Quintero Paniagua,carry,89.0,41.0,89.0,41.0,successful,137,1e7a201c-92b7-4ac9-b72f-115c2cbd99ef,statsbomb
7585,2,2337.48,Colombia,Juan Fernando Quintero Paniagua,pass,89.0,41.0,93.0,41.0,incomplete,137,35348fd6-be86-4b9f-b8b6-26e070579aaf,statsbomb
7585,2,2338.88,England,Eric Dier,pass,28.0,43.0,71.0,25.0,incomplete,137,ed041409-4443-42ab-8b4c-0e3dd9ceb343,statsbomb
7585,2,2342.4,Colombia,Yerry Fernando Mina González,carry,50.0,56.0,50.0,75.0,successful,137,937ffca3-b991-41ac-ada4-15e9b2ecb3ba,statsbomb
7585,2,2346.24,Colombia,Yerry Fernando Mina González,pass,50.0,75.0,68.0,79.0,successful,137,d1f2d59b-4f5f-444c-bfa9-541f27503486,statsbomb
7585,2,2347.253,Colombia,Juan Guillermo Cuadrado Bello,carry,68.0,79.0,70.0,78.0,successful,137,49807904-0c59-426e-8d6f-55f7daa9e56c,statsbomb
7585,2,2349.68,Colombia,Juan Guillermo Cuadrado Bello,pass,70.0,78.0,64.0,66.0,successful,137,5a26904d-31f0-438e-be72-45b687eca960,statsbomb
7585,2,2351.68,Colombia,Yerry Fernando Mina González,carry,64.0,66.0,65.0,64.0,successful,137,f80bf2af-e650-4c22-ae2c-d2247d1dd207,statsbomb
7585,2,2352.36,Colombia,Yerry Fernando Mina González,pass,65.0,64.0,58.0,45.0,successful,137,09dc7b15-d493-48ef-ab4c-d61f1ce6cc4c,statsbomb
7585,2,2353.36,Colombia,Wílmar Enrique Barrios Terán,carry,58.0,45.0,63.0,43.0,successful,137,c692c8e2-8cb5-4653-9c97-14c6c8c1b6d2,statsbomb
7585,2,2354.6,Colombia,Wílmar Enrique Barrios Terán,pass,63.0,43.0,69.0,16.0,successful,137,eff39b7a-c3d3-464b-b460-a2aca1bd928b,statsbomb
7585,2,2356.28,Colombia,Andrés Mateus Uribe Villa,carry,69.0,16.0,71.0,13.0,successful,137,8e0c586f-09c4-4667-a3d7-80773143ab81,statsbomb
7585,2,2357.333,Colombia,Andrés Mateus Uribe Villa,pass,71.0,13.0,88.0,4.0,successful,137,04de77c9-d32f-48bc-861d-def58d5cd425,statsbomb
7585,2,2358.759,Colombia,Johan Andrés Mojica Palacio,carry,88.0,4.0,109.0,4.0,successful,137,31264155-92ae-4246-b126-4010736daf87,statsbomb
7585,2,2381.28,Colombia,Johan Andrés Mojica Palacio,pass,110.0,1.0,104.0,17.0,successful,138,72e80049-075c-4b20-b88a-ed97ae64d71e,statsbomb
7585,2,2382.613,Colombia,Radamel Falcao García Zárate,carry,104.0,17.0,105.0,17.0,successful,138,adedab8e-75c0-43ca-b89e-74b0f2d8dde8,statsbomb
7585,2,2383.12,Colombia,Radamel Falcao García Zárate,pass,105.0,17.0,106.0,3.0,successful,138,e3e607f4-593f-4976-bd1c-ae615d01eefd,statsbomb
7585,2,2384.093,Colombia,Johan Andrés Mojica Palacio,carry,106.0,3.0,105.0,3.0,successful,138,d824ef8a-1142-466e-bf57-eb0a91cf5484,statsbomb
7585,2,2384.8,Colombia,Johan Andrés Mojica Palacio,pass,105.0,3.0,91.0,4.0,successful,138,42343f2b-a211-403b-8b12-298fc952cce2,statsbomb
7585,2,2385.84,Colombia,Juan Fernando Quintero Paniagua,carry,91.0,4.0,94.0,3.0,successful,138,9c03db00-592a-4f67-9c86-86a2861b9b10,statsbomb
7585,2,2387.093,Colombia,Juan Fernando Quintero Paniagua,pass,94.0,3.0,110.0,32.0,incomplete,138,5512de5f-968a-4692-ba3c-ebc48dcb893a,statsbomb
7585,2,2391.72,Colombia,Santiago Arias Naranjo,carry,84.0,60.0,86.0,63.0,successful,138,8f9cbdb1-404a-4e31-b8da-0e61b47d6d0b,statsbomb
7585,2,2392.8,Colombia,Santiago Arias Naranjo,pass,86.0,63.0,91.0,77.0,successful,138,f12e036c-65b9-4258-8487-fa2ab45fcfa1,statsbomb
7585,2,2394.013,Colombia,Juan Guillermo Cuadrado Bello,carry,91.0,77.0,93.0,77.0,successful,138,8df3e77d-f072-4ae2-a89e-a1ad9a283561,statsbomb
7585,2,2395.76,Colombia,Juan Guillermo Cuadrado Bello,pass,93.0,77.0,109.0,45.0,successful,138,165c5585-c32b-45a3-917c-b9db9f9b53e6,statsbomb
7585,2,2400.973,Colombia,Johan Andrés Mojica Palacio,carry,114.0,3.0,118.0,8.0,successful,138,28be14d1-dbc5-40f3-aea8-839d7e04b918,statsbomb
7585,2,2405.56,Colombia,Johan Andrés Mojica Palacio,pass,118.0,8.0,113.0,44.0,successful,138,13f4aa2c-b554-4563-895c-07133b533f9b,statsbomb
7585,2,2445.773,England,Jordan Pickford,pass,7.0,45.0,85.0,65.0,successful,139,b3a192ab-876d-4898-9fa8-01150bfef779,statsbomb
7585,2,2449.88,England,Harry Kane,pass,86.0,63.0,98.0,64.0,successful,139,8933c120-9b6c-4f23-8cda-ec65199f532e,statsbomb
7585,2,2451.88,England,Raheem Sterling,carry,98.0,64.0,98.0,63.0,successful,139,8e57ce20-e17c-46b4-9ac2-db01a1841bfb,statsbomb
7585,2,2453.56,Colombia,Johan Andrés Mojica Palacio,carry,20.0,5.0,16.0,4.0,successful,140,ad1db055-dda4-4d64-ac26-4be0264c12fa,statsbomb
7585,2,2454.4,Colombia,Johan Andrés Mojica Palacio,pass,16.0,4.0,14.0,15.0,successful,140,40253c28-c405-41f7-8e6c-c15b328ae0c5,statsbomb
7585,2,2455.4,Colombia,Yerry Fernando Mina González,pass,14.0,15.0,15.0,6.0,successful,140,268226b0-69a3-4722-9775-db75fd59fa0a,statsbomb
7585,2,2456.293,Colombia,Johan Andrés Mojica Palacio,carry,15.0,6.0,18.0,7.0,successful,140,dbb599ce-35c0-4109-874e-9c600dce7e09,statsbomb
7585,2,2457.64,Colombia,Johan Andrés Mojica Palacio,pass,18.0,7.0,23.0,15.0,successful,140,a769353e-6c16-49a6-a085-4a13da5b433e,statsbomb
7585,2,2458.253,Colombia,Davinson Sánchez Mina,carry,23.0,15.0,32.0,21.0,successful,140,c6d182ed-5047-4802-919c-2d0b7b41e1d9,statsbomb
7585,2,2460.72,Colombia,Davinson Sánchez Mina,pass,32.0,21.0,40.0,50.0,successful,140,66061097-bd95-45d6-99eb-7eedeafc2ef1,statsbomb
7585,2,2462.8,Colombia,Juan Fernando Quintero Paniagua,carry,40.0,50.0,40.0,42.0,successful,140,a1967d17-8935-42e3-af6a-622d46bbad29,statsbomb
7585,2,2464.52,Colombia,Juan Fernando Quintero Paniagua,pass,40.0,42.0,71.0,49.0,incomplete,140,53f174f6-3e95-452d-aa30-8a185462fde4,statsbomb
7585,2,2466.093,England,Harry Maguire,pass,50.0,32.0,58.0,39.0,successful,140,67581b5d-f0ec-43bc-a876-e320577ccbe8,statsbomb
7585,2,2466.893,England,Eric Dier,carry,58.0,39.0,57.0,40.0,successful,140,ce4ac572-ca4b-4af2-b491-de83d1621c4c,statsbomb
7585,2,2467.68,England,Eric Dier,pass,57.0,40.0,68.0,16.0,incomplete,140,14b6c529-d30e-4351-8acf-233814f2c826,statsbomb
7585,2,2470.48,Colombia,Juan Guillermo Cuadrado Bello,carry,53.0,65.0,53.0,57.0,successful,140,42457c01-ce61-4119-92ce-ed1a46555392,statsbomb
7585,2,2472.48,Colombia,Juan Guillermo Cuadrado Bello,pass,53.0,57.0,53.0,45.0,successful,140,721e399c-2d54-4f45-a879-90c9dc01932b,statsbomb
7585,2,2473.853,Colombia,Wílmar Enrique Barrios Terán,pass,53.0,45.0,67.0,43.0,successful,140,a51dbdb8-1f34-4610-a83b-569738090c8d,statsbomb
7585,2,2474.813,Colombia,Radamel Falcao García Zárate,carry,67.0,43.0,67.0,49.0,successful,140,fe15e9fa-0099-4323-8791-06cfbabc1290,statsbomb
7585,2,2476.773,Colombia,Radamel Falcao García Zárate,carry,67.0,49.0,64.0,51.0,successful,140,bf81df3b-8023-4516-8e1a-07b9704e1d25,statsbomb
7585,2,2477.2,Colombia,Radamel Falcao García Zárate,pass,64.0,51.0,66.0,63.0,successful,140,4f552c61-ab2b-46ac-9fa7-99aa094be317,statsbomb
7585,2,2478.413,Colombia,Juan Guillermo Cuadrado Bello,carry,66.0,63.0,68.0,63.0,successful,140,ea573d52-a0b8-484a-b554-95d275706092,statsbomb
7585,2,2479.92,Colombia,Juan Guillermo Cuadrado Bello,pass,68.0,63.0,77.0,38.0,incomplete,140,44b7ce19-7d2a-41d9-9bdf-cd48528521b6,statsbomb
7585,2,2480.88,England,Harry Kane,pass,44.0,43.0,58.0,16.0,incomplete,140,2cb81123-fd88-4e39-b060-2fcd58ec4322,statsbomb
7585,2,2483.68,Colombia,Juan Guillermo Cuadrado Bello,pass,63.0,65.0,50.0,48.0,successful,140,89aeb162-a5e0-455d-9f43-47d6a1aa915f,statsbomb
7585,2,2485.56,Colombia,Wílmar Enrique Barrios Terán,carry,50.0,48.0,65.0,41.0,successful,140,97430d93-d25c-4bf3-9682-2adf72a875ec,statsbomb
7585,2,2489.68,Colombia,Wílmar Enrique Barrios Terán,pass,65.0,41.0,81.0,50.0,successful,140,31ce9487-84d9-4014-97cf-5cae48e891d1,statsbomb
7585,2,2490.813,Colombia,Radamel Falcao García Zárate,carry,81.0,50.0,81.0,53.0,successful,140,52f960c6-b9da-4ebb-b39f-28bedad364f4,statsbomb
7585,2,2492.64,Colombia,Radamel Falcao García Zárate,pass,81.0,53.0,91.0,57.0,successful,140,4c9d5228-6983-4eea-b67a-d064731ecbae,statsbomb
7585,2,2493.373,Colombia,Carlos Arturo Bacca Ahumada,carry,91.0,57.0,91.0,57.0,successful,140,0789b36c-89e8-4960-aada-f99e70dfd85a,statsbomb
7585,2,2493.4,Colombia,Carlos Arturo Bacca Ahumada,pass,91.0,57.0,92.0,41.0,successful,140,93b99937-47ba-4b99-a217-3f673df56d5c,statsbomb
7585,2,2494.893,Colombia,Radamel Falcao García Zárate,carry,92.0,41.0,94.0,47.0,successful,140,a979b1da-fce8-4e40-9e3e-dcfbe0d45456,statsbomb
7585,2,2523.493,England,Harry Kane,pass,92.0,67.0,120.0,69.0,out,142,452f3567-a3a4-4dd9-a2b1-67664c10c711,statsbomb
7585,2,2596.04,Colombia,David Ospina Ramírez,pass,6.0,40.0,67.0,21.0,incomplete,143,9fc61a56-d36e-4cbe-9256-0e79b09bfd9a,statsbomb
7585,2,2599.44,England,Eric Dier,pass,54.0,60.0,57.0,60.0,incomplete,143,0fe6cdad-17bf-40ec-aef8-34b02b9c1076,statsbomb
7585,2,2601.32,Colombia,Andrés Mateus Uribe Villa,pass,64.0,21.0,71.0,14.0,successful,143,bba728a9-25c5-44fa-ade8-d2e4105a951d,statsbomb
7585,2,2601.96,Colombia,Juan Guillermo Cuadrado Bello,carry,71.0,14.0,65.0,3.0,successful,143,4c126fd3-36d8-4ef3-9e65-66f858a77c5e,statsbomb
7585,2,2603.96,Colombia,Juan Guillermo Cuadrado Bello,pass,65.0,3.0,87.0,24.0,successful,143,5e2fbcca-9ef5-489a-9890-02d9162da363,statsbomb
7585,2,2606.16,Colombia,Carlos Arturo Bacca Ahumada,pass,93.0,31.0,97.0,35.0,incomplete,143,f83b5895-199c-44fe-b55d-b7b90bfa1bef,statsbomb
7585,2,2612.213,England,Harry Kane,carry,67.0,61.0,66.0,63.0,successful,143,8eb29d42-b530-4bae-9e96-52678baceffa,statsbomb
7585,2,2648.32,England,Kieran Trippier,pass,71.0,69.0,119.0,8.0,out,144,b7c00dda-ba23-4592-8dd2-b33d0a1c0ff9,statsbomb
7585,2,2668.56,England,John Stones,pass,54.0,22.0,75.0,1.0,out,144,1833d06d-e0f3-4c18-9410-688bf71e243a,statsbomb
7585,2,2681.76,Colombia,Santiago Arias Naranjo,pass,56.0,80.0,79.0,73.0,incomplete,145,6d310e5d-e1bf-4f62-9689-117ceac292da,statsbomb
7585,2,2683.68,England,Eric Dier,pass,42.0,8.0,60.0,10.0,incomplete,145,1c3146f6-2bac-4683-85c8-c109cbfd4d70,statsbomb
7585,2,2685.68,Colombia,Santiago Arias Naranjo,pass,61.0,71.0,62.0,48.0,successful,145,f466ffe5-162b-4199-977e-7a0b84d3c84c,statsbomb
7585,2,2687.52,Colombia,Andrés Mateus Uribe Villa,pass,62.0,49.0,66.0,25.0,successful,145,e0251acf-3069-44bd-aa67-e67493160408,statsbomb
7585,2,2689.293,Colombia,Johan Andrés Mojica Palacio,carry,66.0,25.0,84.0,13.0,successful,145,305516e5-6b56-4edf-b1b0-fd4a49faed8c,statsbomb
7585,2,2692.04,Colombia,Johan Andrés Mojica Palacio,pass,84.0,13.0,107.0,80.0,out,145,fa3719fa-ef54-4805-bbf0-d6642ce94226,statsbomb
7585,2,2780.64,England,Harry Kane,pass,99.0,19.0,114.0,19.0,incomplete,146,c5cadd80-c2e8-4fa0-b713-3f3e4bbad875,statsbomb
7585,2,2785.04,England,Eric Dier,pass,81.0,26.0,91.0,19.0,successful,146,c9176ceb-536c-4116-960b-83d6255c5949,statsbomb
7585,2,2785.96,England,Jordan Brian Henderson,pass,90.0,19.0,104.0,31.0,incomplete,146,363ca6aa-b28a-4de9-a979-3b86863da59a,statsbomb
7585,2,2789.76,England,Jordan Brian Henderson,pass,94.0,20.0,94.0,19.0,incomplete,146,ae7da689-33b3-485c-8bbd-9683e2702b10,statsbomb
7585,2,2791.72,Colombia,Santiago Arias Naranjo,carry,27.0,62.0,25.0,78.0,successful,147,650aae03-109c-4b6f-9508-2bb2187eff60,statsbomb
7585,2,2813.52,Colombia,David Ospina Ramírez,pass,34.0,76.0,92.0,39.0,incomplete,148,1a3090f3-8310-4ebc-ba7a-da2cb7b16c1b,statsbomb
7585,2,2817.24,England,John Stones,pass,29.0,42.0,31.0,40.0,incomplete,148,d28682df-dbfa-41ae-a2cf-44c8d6f754c5,statsbomb
7585,2,2851.12,Colombia,Juan Guillermo Cuadrado Bello,pass,120.0,80.0,112.0,40.0,successful,149,f96b32cd-0225-459a-94b1-bf0982178531,statsbomb
7585,2,2969.64,England,Jesse Lingard,pass,60.0,41.0,43.0,41.0,successful,151,46b2ed41-7126-4c05-95c0-0b3764ddc62b,statsbomb
7585,2,2971.133,England,John Stones,carry,43.0,41.0,45.0,39.0,successful,151,70b78849-257d-4749-9b47-75e20dcf1928,statsbomb
7585,2,2972.56,England,John Stones,pass,45.0,39.0,119.0,80.0,out,151,11176173-81e1-42a1-a489-293f31d21caf,statsbomb
7585,2,2991.653,England,Jesse Lingard,carry,102.0,71.0,103.0,69.0,successful,153,b95a9c37-8aeb-443d-8489-74919ead18e9,statsbomb
7585,2,2992.293,England,Jesse Lingard,carry,103.0,69.0,106.0,75.0,successful,153,ee0ce82b-276e-4c93-825a-7888e10fd9a7,statsbomb
7585,2,2993.12,England,Jesse Lingard,pass,106.0,75.0,103.0,78.0,successful,153,a6474a31-09ff-48af-9dc9-cd85ef85246a,statsbomb
7585,2,2993.973,England,Kieran Trippier,carry,103.0,78.0,102.0,79.0,successful,153,4837387d-6175-4fc9-8f60-8fc7e6c5ddaa,statsbomb
7585,2,2994.44,England,Kieran Trippier,pass,102.0,79.0,104.0,77.0,incomplete,153,8dd48af0-f5f2-48fe-bf5f-cd14475db5aa,statsbomb
7585,2,3000.933,England,Jordan Pickford,carry,31.0,52.0,30.0,53.0,successful,153,2a41fbbd-6515-494d-8273-42e415d2ea37,statsbomb
7585,2,3002.68,England,Jordan Pickford,pass,30.0,53.0,38.0,63.0,successful,153,fc8be421-4909-4622-9525-350aee2e2815,statsbomb
7585,2,3003.72,England,Kyle Walker,carry,38.0,63.0,42.0,64.0,successful,153,31913c7a-3667-433a-9e08-2ce5802c55c4,statsbomb
7585,2,3005.6,England,Kyle Walker,pass,42.0,64.0,43.0,19.0,successful,153,e6793af3-29e9-4e2f-b8e8-d7a0f7b1b60f,statsbomb
7585,2,3007.48,England,Harry Maguire,carry,43.0,19.0,43.0,19.0,successful,153,5b05821e-67b1-433e-9876-0afc9a5c5b56,statsbomb
7585,2,3009.04,England,Harry Maguire,pass,43.0,19.0,62.0,26.0,successful,153,2d4984a5-97a3-48d0-a072-30bf27b4e5d7,statsbomb
7585,2,3010.36,England,Jordan Brian Henderson,pass,63.0,27.0,43.0,10.0,successful,153,269e0c57-9625-49cd-bb6d-28438756fcad,statsbomb
7585,2,3012.08,England,Harry Maguire,carry,43.0,10.0,40.0,10.0,successful,153,8321e984-df17-4934-a891-84eba992f84d,statsbomb
7585,2,3013.16,England,Harry Maguire,pass,40.0,10.0,19.0,41.0,successful,153,4e666aaf-216d-4c7b-bca2-14cf65659681,statsbomb
7585,2,3015.28,England,Jordan Pickford,carry,19.0,41.0,18.0,38.0,successful,153,2a46841f-0dab-4d1d-993e-43bc2f9d88c2,statsbomb
7585,2,3018.12,England,Jordan Pickford,pass,18.0,38.0,68.0,79.0,successful,153,d03fe490-3492-4c0e-9e17-45b40a35172a,statsbomb
7585,2,3021.44,England,Kieran Trippier,carry,68.0,79.0,67.0,78.0,successful,153,6e5c2d46-aeaf-4bf0-9d40-815e7b646e56,statsbomb
7585,2,3029.72,England,Kieran Trippier,pass,67.0,78.0,113.0,64.0,incomplete,154,01a1d843-1eb0-40e6-b9c5-07e7866d16b9,statsbomb
7585,2,3035.32,Colombia,Andrés Mateus Uribe Villa,pass,23.0,18.0,36.0,19.0,incomplete,154,8bc2e0f9-bb98-4419-bd23-ab146ceb0e21,statsbomb
7585,2,3036.413,England,Eric Dier,carry,85.0,62.0,88.0,56.0,successful,154,2920817f-4661-4252-80eb-730e6a915ed6,statsbomb
7585,2,3037.68,England,Eric Dier,pass,88.0,56.0,103.0,55.0,incomplete,154,72f7285c-56cb-46f8-b580-7afb7686b605,statsbomb
7585,2,3040.8,Colombia,Luis Fernando Muriel Fruto,carry,26.0,16.0,26.0,18.0,successful,154,3c602a37-03bc-4131-b416-09540bb240cf,statsbomb
7585,2,3041.493,Colombia,Luis Fernando Muriel Fruto,pass,26.0,18.0,55.0,48.0,incomplete,154,04462705-7f3a-4a1e-b472-eb5f6d403892,statsbomb
7585,2,3045.053,England,Harry Maguire,carry,66.0,33.0,72.0,40.0,successful,154,5ea53ee1-0584-4257-9bde-f3f64a7dd0b2,statsbomb
7585,2,3047.32,England,Harry Maguire,pass,72.0,40.0,89.0,27.0,incomplete,154,f8e7ac60-0dab-40d4-b552-9b1df7487676,statsbomb
7585,2,3048.52,Colombia,Santiago Arias Naranjo,carry,32.0,54.0,33.0,60.0,successful,155,b697ba4c-046e-4144-a1d8-844bc8424a0e,statsbomb
7585,2,3049.44,Colombia,Santiago Arias Naranjo,pass,33.0,60.0,70.0,73.0,successful,155,03e1b509-ee8b-4529-917f-c90a757bb9fb,statsbomb
7585,2,3053.64,Colombia,Radamel Falcao García Zárate,carry,70.0,73.0,69.0,75.0,successful,155,b591fae4-8f9d-4787-b2e2-11285a39d6df,statsbomb
7585,2,3055.76,Colombia,Juan Guillermo Cuadrado Bello,carry,83.0,76.0,95.0,77.0,successful,155,267ccce6-555b-4aff-9f20-fca7d5b5cd81,statsbomb
7585,2,3059.6,England,Ashley Young,carry,26.0,4.0,31.0,3.0,successful,155,f31e8174-ae59-47a2-9eb4-d26a29447954,statsbomb
7585,2,3062.48,England,Ashley Young,pass,31.0,3.0,106.0,23.0,unknown,155,66d0424a-0035-4443-87fa-f36659663b53,statsbomb
7585,3,0.66,Colombia,Radamel Falcao García Zárate,pass,61.0,41.0,45.0,39.0,successful,156,6df5bb21-a73b-4ba8-bf18-08962348bb1a,statsbomb
7585,3,1.633,Colombia,Wílmar Enrique Barrios Terán,carry,45.0,39.0,42.0,41.0,successful,156,5ca59a64-8216-4f6a-9cb0-770b74e94c18,statsbomb
7585,3,2.68,Colombia,Wílmar Enrique Barrios Terán,pass,42.0,41.0,38.0,63.0,successful,156,9ebbaddd-e9fe-466f-8dda-faf8d4ae6d0b,statsbomb
7585,3,3.973,Colombia,Santiago Arias Naranjo,carry,38.0,63.0,38.0,62.0,successful,156,7417d7f0-3dcd-4183-9e53-62f7722dfb86,statsbomb
7585,3,4.72,Colombia,Santiago Arias Naranjo,pass,38.0,62.0,26.0,42.0,successful,156,78603655-e5d9-4e18-8f49-dcf1594da9cf,statsbomb
7585,3,6.64,Colombia,Yerry Fernando Mina González,carry,26.0,42.0,26.0,42.0,successful,156,b7e0927a-9091-4cad-a09f-246930b0a0e1,statsbomb
7585,3,7.16,Colombia,Yerry Fernando Mina González,pass,26.0,42.0,23.0,19.0,successful,156,0a7895fa-330f-47ea-83c9-d132c14484c9,statsbomb
7585,3,8.84,Colombia,Davinson Sánchez Mina,carry,23.0,19.0,26.0,18.0,successful,156,52f8558c-c43f-4b96-b5e7-23475eae9bc3,statsbomb
7585,3,10.8,Colombia,Davinson Sánchez Mina,pass,26.0,18.0,64.0,1.0,out,156,ee53271e-c067-49b2-a681-4831faad81bf,statsbomb
7585,3,25.04,England,Kieran Trippier,pass,56.0,79.0,36.0,78.0,successful,157,f0aaa57a-a836-4fae-8e89-299985ab9fba,statsbomb
7585,3,27.2,England,Kyle Walker,carry,36.0,78.0,32.0,67.0,successful,157,33306f59-f409-40e2-aa50-0dcdff08ab79,statsbomb
7585,3,32.16,England,Kyle Walker,pass,32.0,67.0,4.0,36.0,successful,157,6819cc4d-9295-472f-a0bd-12ca276aad5d,statsbomb
7585,3,35.8,England,Jordan Pickford,carry,4.0,36.0,5.0,31.0,successful,157,c74f0726-7c17-4a3f-8e5b-8ea3b43190ab,statsbomb
7585,3,36.72,England,Jordan Pickford,pass,5.0,31.0,77.0,3.0,incomplete,157,ff2a1573-5a2b-452a-80b1-9efda4906259,statsbomb
7585,3,41.08,Colombia,Santiago Arias Naranjo,pass,44.0,78.0,63.0,78.0,incomplete,157,628fb671-3346-44d7-894a-00155afa8190,statsbomb
7585,3,42.44,England,Ashley Young,pass,58.0,3.0,83.0,10.0,successful,157,c1da18c5-578f-45e4-97bc-050fb5f12f8d,statsbomb
7585,3,43.76,England,Jamie Vardy,carry,83.0,10.0,80.0,19.0,successful,157,2666bcad-ee26-44e0-9f94-fd7d52db7eed,statsbomb
7585,3,44.48,Colombia,Santiago Arias Naranjo,pass,42.0,66.0,46.0,65.0,successful,158,b9f57ed0-c8ac-49d5-ba96-c9f59076a173,statsbomb
7585,3,44.92,Colombia,Wílmar Enrique Barrios Terán,carry,46.0,65.0,50.0,69.0,successful,158,e63b4c93-8671-4b1c-b816-90ecbac68c8b,statsbomb
7585,3,106.28,England,Ashley Young,pass,70.0,13.0,109.0,59.0,incomplete,159,22bf3569-dce2-40f6-8bef-8e3be54ca0c1,statsbomb
7585,3,112.6,Colombia,Luis Fernando Muriel Fruto,carry,24.0,3.0,78.0,3.0,successful,159,e599a75a-83e4-4cfc-8bab-16334225cdbd,statsbomb
7585,3,121.373,England,Kyle Walker,pass,30.0,73.0,10.0,52.0,successful,159,49a326b2-6e3a-4967-a259-b24fcd7915bb,statsbomb
7585,3,123.559,England,Jordan Pickford,carry,10.0,52.0,11.0,47.0,successful,159,ecb07603-3235-4bb4-a173-c03cec0ee5a6,statsbomb
7585,3,131.56,England,Jordan Pickford,pass,11.0,47.0,17.0,63.0,successful,159,db5743e4-172f-402e-aea2-50689d625dfe,statsbomb
7585,3,133.12,England,Kyle Walker,carry,17.0,63.0,19.0,64.0,successful,159,01adcb81-be3c-4cd2-9a3d-40f9f914a5c6,statsbomb
7585,3,134.76,England,Kyle Walker,pass,19.0,64.0,34.0,66.0,successful,159,b4b1bc9a-2420-47f5-b6c4-fe0151389907,statsbomb
7585,3,135.96,England,Eric Dier,carry,34.0,66.0,34.0,65.0,successful,159,c795b5d9-9353-400f-b8fd-c2a8fb67b5de,statsbomb
7585,3,137.64,England,Eric Dier,pass,34.0,65.0,31.0,48.0,successful,159,5db74f25-9ebd-4129-9d5e-b8027af75176,statsbomb
7585,3,139.52,England,Harry Maguire,carry,31.0,48.0,32.0,45.0,successful,159,76185ae7-5a53-4a4f-9e83-64ed9785e687,statsbomb
7585,3,140.4,England,Harry Maguire,pass,32.0,45.0,48.0,40.0,successful,159,3c0f7b8c-8a15-4572-82ed-51af2d5256ef,statsbomb
7585,3,141.56,England,Jordan Brian Henderson,carry,48.0,40.0,54.0,30.0,successful,159,aa545fd6-325a-489e-91bc-83bb459178cc,statsbomb
7585,3,144.28,England,Jordan Brian Henderson,pass,54.0,30.0,50.0,11.0,successful,159,9a8838c5-f242-41ef-b73d-65cc1c70b788,statsbomb
7585,3,145.44,England,John Stones,carry,50.0,11.0,53.0,25.0,successful,159,bb13fe2e-e086-4ef3-a413-2fcd433702a3,statsbomb
7585,3,149.92000000000002,England,John Stones,pass,53.0,25.0,58.0,50.0,successful,159,8a07f67b-848f-4112-af11-10c64b9d50d4,statsbomb
7585,3,151.92000000000002,England,Kyle Walker,carry,58.0,50.0,67.0,52.0,successful,159,82cfc3b9-fde3-4ff9-bd74-8d69d29c9f35,statsbomb
7585,3,153.56,England,Kyle Walker,pass,67.0,52.0,83.0,79.0,successful,159,9fd2d6a2-7457-4af3-b55f-78310fdf2120,statsbomb
7585,3,155.32,England,Kieran Trippier,carry,83.0,79.0,79.0,80.0,successful,159,d64e8e56-ae19-466f-9f0a-7435c0bb97e9,statsbomb
7585,3,155.92000000000002,England,Kieran Trippier,pass,79.0,80.0,81.0,79.0,incomplete,159,d9f62387-e6e2-4b38-9221-c90762d1a34e,statsbomb
7585,3,164.8,England,Kieran Trippier,pass,52.0,79.0,40.0,78.0,successful,160,6a26d7ed-7d52-4877-be07-ea56efceaa56,statsbomb
7585,3,166.0,England,Kyle Walker,carry,40.0,78.0,44.0,76.0,successful,160,ca6ed958-a3c1-4c2a-8e46-7466a7a47d6d,statsbomb
7585,3,169.4,England,Kyle Walker,pass,44.0,76.0,47.0,47.0,successful,160,ea2ace85-b941-4f78-85ff-e02f1e7b9ba0,statsbomb
7585,3,170.88,England,John Stones,carry,47.0,47.0,49.0,42.0,successful,160,b82a61e4-d220-4f37-ab42-6f3eb9b6d4b4,statsbomb
7585,3,172.32,England,John Stones,pass,49.0,42.0,79.0,7.0,incomplete,160,826d7ad0-976e-488e-ba90-20807778f0e6,statsbomb
7585,3,175.12,Colombia,Juan Guillermo Cuadrado Bello,pass,42.0,74.0,56.0,58.0,incomplete,160,f0758c66-6eda-4682-bc4c-a585b3c9824a,statsbomb
7585,3,176.8,England,Jordan Brian Henderson,pass,65.0,23.0,67.0,29.0,unknown,160,3cc128dc-da1e-4c92-a5e0-9da2b8079231,statsbomb
7585,3,222.96,Colombia,Yerry Fernando Mina González,pass,56.0,53.0,47.0,26.0,successful,161,f1349fd7-99a7-48c7-aabf-3d841147022c,statsbomb
7585,3,224.64,Colombia,Davinson Sánchez Mina,carry,47.0,26.0,47.0,26.0,successful,161,1dbaae04-f1fc-4a6f-90db-13cf74d0cceb,statsbomb
7585,3,227.6,Colombia,Davinson Sánchez Mina,pass,47.0,26.0,63.0,4.0,successful,161,8983290a-1113-451e-a64f-f0dec8ccb176,statsbomb
7585,3,229.36,Colombia,Johan Andrés Mojica Palacio,carry,63.0,4.0,54.0,10.0,successful,161,588b29bc-14ce-410a-94a2-ea6202f531e1,statsbomb
7585,3,231.6,Colombia,Johan Andrés Mojica Palacio,pass,54.0,10.0,84.0,72.0,incomplete,161,0e020970-ac15-4e20-912c-2660ca3fcb5d,statsbomb
7585,3,234.44,England,Ashley Young,pass,37.0,9.0,45.0,7.0,incomplete,161,cc55e0a9-75f1-4db1-98de-51c4ae68bea8,statsbomb
7585,3,235.56,Colombia,Juan Guillermo Cuadrado Bello,carry,76.0,74.0,76.0,76.0,successful,161,a1221802-849f-4e85-ac97-42f3d65846d5,statsbomb
7585,3,237.68,Colombia,Juan Guillermo Cuadrado Bello,carry,76.0,76.0,73.0,60.0,successful,161,168ea09c-aed6-44a7-98c4-c2953f9091db,statsbomb
7585,3,240.48,Colombia,Juan Guillermo Cuadrado Bello,pass,73.0,60.0,71.0,78.0,successful,161,6b2e4c11-c3ab-4f55-81b3-5d37b5caf632,statsbomb
7585,3,241.96,Colombia,Santiago Arias Naranjo,carry,71.0,78.0,74.0,76.0,successful,161,ea5aeabf-3414-4d87-b0e4-319cf23cbfd2,statsbomb
7585,3,242.52,Colombia,Santiago Arias Naranjo,pass,74.0,76.0,65.0,68.0,successful,161,7cb4a560-89b5-491c-bd04-3fd70897b097,statsbomb
7585,3,243.453,Colombia,Juan Guillermo Cuadrado Bello,carry,65.0,68.0,65.0,68.0,successful,161,1019cdfc-00ab-448b-a8d6-d87859b219c5,statsbomb
7585,3,244.28,Colombia,Juan Guillermo Cuadrado Bello,pass,65.0,68.0,45.0,47.0,successful,161,598a72cd-66a1-4eb0-9245-0cae6b6e61f8,statsbomb
7585,3,246.04,Colombia,Yerry Fernando Mina González,carry,45.0,47.0,45.0,47.0,successful,161,e2ace457-bb64-452d-8007-a062dceca583,statsbomb
7585,3,247.04,Colombia,Yerry Fernando Mina González,pass,45.0,47.0,54.0,23.0,successful,161,af2a6eca-fc9c-4ea4-995f-bdc712ae171d,statsbomb
7585,3,248.92,Colombia,Davinson Sánchez Mina,carry,54.0,23.0,56.0,21.0,successful,161,226a6925-4306-4654-b91c-b36ab8ecabcf,statsbomb
7585,3,250.0,Colombia,Davinson Sánchez Mina,pass,56.0,21.0,70.0,3.0,successful,161,c5a938b0-1e76-44e0-a8e3-9dee96575b22,statsbomb
7585,3,251.2,Colombia,Johan Andrés Mojica Palacio,carry,70.0,3.0,78.0,3.0,successful,161,c955e489-6604-4436-9e0d-1773ccc81d2a,statsbomb
7585,3,253.72,Colombia,Johan Andrés Mojica Palacio,pass,78.0,3.0,100.0,34.0,incomplete,161,88c903fe-f834-4c26-8952-2a547ca611ff,statsbomb
7585,3,256.8,Colombia,Andrés Mateus Uribe Villa,carry,86.0,21.0,87.0,22.0,successful,161,d7a5c1a3-f964-4b01-adac-364e119c583d,statsbomb
7585,3,257.76,Colombia,Andrés Mateus Uribe Villa,pass,87.0,22.0,91.0,36.0,successful,161,717792f8-4b18-4624-b128-bf57a3d0730c,statsbomb
7585,3,258.32,Colombia,Radamel Falcao García Zárate,carry,91.0,36.0,94.0,34.0,successful,161,f447aa41-c1c4-4018-8570-b9771ef6a18a,statsbomb
7585,3,261.04,Colombia,Andrés Mateus Uribe Villa,pass,96.0,41.0,97.0,48.0,successful,161,25534245-6cff-4d86-9b4d-30a6336ae64d,statsbomb
7585,3,262.16,Colombia,Carlos Arturo Bacca Ahumada,pass,97.0,48.0,101.0,48.0,incomplete,161,e1cbf394-75d3-416f-b784-144ee40bc5dd,statsbomb
7585,3,262.64,England,John Stones,carry,20.0,33.0,3.0,29.0,successful,161,6b6c9a99-6d2f-4a08-98fe-0ada752642d9,statsbomb
7585,3,265.16,England,John Stones,pass,3.0,29.0,18.0,2.0,out,161,d2ef3054-527b-4b60-99c0-f08ac19bee4e,statsbomb
7585,3,290.12,Colombia,Juan Guillermo Cuadrado Bello,pass,101.0,80.0,107.0,56.0,successful,162,7301302c-0db2-47e0-9ca8-bc8fee7047a8,statsbomb
7585,3,305.4,Colombia,Davinson Sánchez Mina,pass,61.0,1.0,35.0,20.0,successful,163,f4422699-853b-4d90-b174-3ede7ca27a6d,statsbomb
7585,3,308.64,Colombia,Yerry Fernando Mina González,carry,35.0,20.0,43.0,22.0,successful,163,fa780f08-ee2d-40b9-b33f-5d0b4fec8130,statsbomb
7585,3,312.64,Colombia,Yerry Fernando Mina González,pass,43.0,22.0,52.0,16.0,successful,163,839b2173-fbba-4d4b-84c1-98783ac41cd8,statsbomb
7585,3,314.24,Colombia,Davinson Sánchez Mina,carry,52.0,16.0,52.0,16.0,successful,163,eab41508-f98b-45d1-ab90-cbd710c551d3,statsbomb
7585,3,314.64,Colombia,Davinson Sánchez Mina,pass,52.0,16.0,55.0,7.0,successful,163,f7c9b773-5d30-4ca2-bdc0-d36dc2960098,statsbomb
7585,3,315.373,Colombia,Andrés Mateus Uribe Villa,carry,55.0,7.0,55.0,7.0,successful,163,8a59d597-1e84-43f9-8aec-1d170f15ff6c,statsbomb
7585,3,316.0,Colombia,Andrés Mateus Uribe Villa,pass,55.0,7.0,76.0,8.0,successful,163,5c2f2fcf-39c8-4f91-bc0d-b15af22b7557,statsbomb
7585,3,316.933,Colombia,Luis Fernando Muriel Fruto,carry,76.0,8.0,74.0,7.0,successful,163,81898738-7bef-4c77-b71d-4462a69604f7,statsbomb
7585,3,318.4,Colombia,Luis Fernando Muriel Fruto,pass,74.0,7.0,90.0,6.0,incomplete,163,56ccd652-7f8b-43ec-bac2-847310e7d149,statsbomb
7585,3,319.96,Colombia,Johan Andrés Mojica Palacio,carry,94.0,2.0,110.0,6.0,successful,163,896a0fa0-827b-490a-b1f0-3063a8d5f4a1,statsbomb
7585,3,322.36,Colombia,Johan Andrés Mojica Palacio,pass,110.0,6.0,118.0,34.0,incomplete,163,c49dde82-346e-4917-a73d-3b88956707a6,statsbomb
7585,3,323.733,England,Jordan Pickford,carry,3.0,47.0,17.0,46.0,successful,164,e123e287-37dd-4fa9-a6f2-7ade522ea1e2,statsbomb
7585,3,332.33299999999997,England,Jordan Pickford,pass,17.0,46.0,29.0,49.0,successful,164,40ee2d86-3021-4109-9ee3-ad6beb03f5cc,statsbomb
7585,3,333.813,England,Eric Dier,carry,29.0,49.0,47.0,53.0,successful,164,8317f18e-6a64-4349-bac7-a110a01544d5,statsbomb
7585,3,338.8,England,Eric Dier,pass,47.0,53.0,42.0,69.0,successful,164,ed4d256f-8a63-4459-b1e6-a1fa2676f98c,statsbomb
7585,3,340.04,England,Kyle Walker,carry,42.0,69.0,38.0,67.0,successful,164,0e30edff-3267-4523-88d5-20ed1b4af4ea,statsbomb
7585,3,341.04,England,Kyle Walker,pass,38.0,67.0,44.0,44.0,successful,164,055b8804-8e5f-4726-87f0-b7c82486507c,statsbomb
7585,3,342.493,England,John Stones,carry,44.0,44.0,48.0,41.0,successful,164,9e12647e-d7f2-4302-9738-f0dbca1e4bf3,statsbomb
7585,3,343.52,England,John Stones,pass,48.0,41.0,59.0,40.0,successful,164,d3f5d27e-3b26-48bd-8a56-fb5e75308fd4,statsbomb
7585,3,344.413,England,Jordan Brian Henderson,carry,59.0,40.0,61.0,40.0,successful,164,1cc487f2-5253-4579-92f5-533df127e015,statsbomb
7585,3,345.56,England,Jordan Brian Henderson,pass,61.0,40.0,54.0,14.0,successful,164,f0340cc6-58c0-4237-b798-7e5d7bdf9343,statsbomb
7585,3,347.68,England,Harry Maguire,carry,54.0,14.0,56.0,12.0,successful,164,15a10b20-6b68-40c8-b6ba-1d6d45af8d63,statsbomb
7585,3,348.24,England,Harry Maguire,pass,56.0,12.0,68.0,5.0,successful,164,89bfd829-382f-4d73-9cde-cc20aa46588b,statsbomb
7585,3,349.413,England,Ashley Young,carry,68.0,5.0,65.0,4.0,successful,164,1a5fdb74-7092-41d2-868c-a8b8545669e5,statsbomb
7585,3,351.08,England,Ashley Young,pass,65.0,4.0,51.0,32.0,successful,164,512ca139-e0a0-46c7-8668-48c419406a98,statsbomb
7585,3,352.76,England,John Stones,carry,51.0,32.0,52.0,31.0,successful,164,4ce2a5f9-7fff-4b82-a0d3-a3339ea67690,statsbomb
7585,3,353.28,England,John Stones,pass,52.0,31.0,57.0,49.0,successful,164,c4750a77-ed0c-4357-966a-7b7b72f20fe2,statsbomb
7585,3,354.76,England,Eric Dier,carry,57.0,49.0,82.0,46.0,successful,164,61636ab9-fbfd-4f91-9b6e-997e86067436,statsbomb
7585,3,361.32,England,Eric Dier,pass,82.0,46.0,85.0,43.0,incomplete,164,ac0805ca-f87f-403f-be5d-19fca625aec7,statsbomb
7585,3,362.92,Colombia,Juan Guillermo Cuadrado Bello,pass,29.0,43.0,42.0,19.0,successful,165,6a6c5be1-139a-461f-910b-b6ea9ef1d37d,statsbomb
7585,3,364.453,Colombia,Luis Fernando Muriel Fruto,carry,42.0,19.0,42.0,19.0,successful,165,d0e71b24-c36d-4ddb-aa33-5bdf86736b4f,statsbomb
7585,3,368.2,Colombia,Luis Fernando Muriel Fruto,pass,42.0,19.0,26.0,20.0,successful,165,e7f80e6a-b7a4-4f07-a220-0f6b5779af26,statsbomb
7585,3,369.533,Colombia,Davinson Sánchez Mina,carry,26.0,20.0,26.0,20.0,successful,165,a17e3b5f-5da6-4b7b-b61a-fe1c82cc131c,statsbomb
7585,3,370.48,Colombia,Davinson Sánchez Mina,pass,26.0,20.0,28.0,46.0,successful,165,9606efb8-f8d8-4106-9dca-333759ac71e5,statsbomb
7585,3,372.04,Colombia,Yerry Fernando Mina González,carry,28.0,46.0,36.0,49.0,successful,165,184ad40b-6cd5-4bbe-8bef-36053dfe95b4,statsbomb
7585,3,375.76,Colombia,Yerry Fernando Mina González,pass,36.0,49.0,38.0,19.0,successful,165,494ae907-c577-4446-9634-5e416c4944e4,statsbomb
7585,3,377.32,Colombia,Davinson Sánchez Mina,carry,38.0,19.0,49.0,17.0,successful,165,39e848e2-a81d-4f94-b324-5f0d028a9e34,statsbomb
7585,3,380.12,Colombia,Davinson Sánchez Mina,pass,49.0,17.0,55.0,2.0,successful,165,d7aab631-2b99-48cc-a654-3fa46f331529,statsbomb
7585,3,381.32,Colombia,Johan Andrés Mojica Palacio,carry,55.0,2.0,58.0,4.0,successful,165,e761c8a0-8045-4ec2-a234-0bb10edd89d4,statsbomb
7585,3,383.28,Colombia,Johan Andrés Mojica Palacio,pass,58.0,4.0,50.0,7.0,successful,165,10739b2d-65cf-4a67-9a6c-11ea89c3c751,statsbomb
7585,3,385.08,Colombia,Davinson Sánchez Mina,carry,50.0,7.0,48.0,14.0,successful,165,07bd8f62-aeba-4d7b-ba41-c14c097bde62,statsbomb
7585,3,387.96,Colombia,Davinson Sánchez Mina,pass,48.0,14.0,35.0,47.0,successful,165,839d9d20-7438-4188-b4a5-3c9e6f789cad,statsbomb
7585,3,389.72,Colombia,Yerry Fernando Mina González,carry,35.0,47.0,35.0,47.0,successful,165,471929f0-5175-4ba9-bfc9-3118e646084b,statsbomb
7585,3,390.4,Colombia,Yerry Fernando Mina González,pass,35.0,47.0,48.0,72.0,successful,165,ac654546-5578-4143-bd8a-ec9c1b31a4f6,statsbomb
7585,3,391.92,Colombia,Santiago Arias Naranjo,carry,48.0,72.0,50.0,73.0,successful,165,ebc6c32d-30a3-4e7e-b306-898b145cea25,statsbomb
7585,3,392.8,Colombia,Santiago Arias Naranjo,pass,50.0,73.0,61.0,79.0,successful,165,2c488c9a-f65a-4d3d-a539-f9e7e6c21dcd,statsbomb
7585,3,393.92,Colombia,Juan Guillermo Cuadrado Bello,carry,61.0,79.0,63.0,79.0,successful,165,c75d5404-75c0-4965-8e78-b0fe98aa03a6,statsbomb
7585,3,395.0,Colombia,Juan Guillermo Cuadrado Bello,pass,63.0,79.0,84.0,55.0,successful,165,d6629672-7e05-4a11-8b63-21f944e23a12,statsbomb
7585,3,395.88,Colombia,Radamel Falcao García Zárate,pass,84.0,55.0,83.0,80.0,out,165,0f9653d9-bb35-454b-9605-b2967104af84,statsbomb
7585,3,452.48,England,Harry Maguire,pass,20.0,17.0,32.0,31.0,successful,166,5eb532a6-43f7-4c9a-a841-98f407ab9828,statsbomb
7585,3,453.76,England,Jordan Brian Henderson,pass,31.0,30.0,24.0,21.0,successful,166,7c96a40a-9e88-4f95-a72d-8a299e2ca989,statsbomb
7585,3,456.2,England,Harry Maguire,carry,24.0,21.0,27.0,22.0,successful,166,71ca3263-320b-46ef-9800-428dee14f245,statsbomb
7585,3,456.92,England,Harry Maguire,pass,27.0,22.0,43.0,22.0,successful,166,e48ebaaf-b89a-407f-abcd-8c35e924ff31,statsbomb
7585,3,457.96,England,Jordan Brian Henderson,pass,44.0,20.0,29.0,16.0,successful,166,a6433ba3-99c4-4ece-aabb-2315950fae34,statsbomb
7585,3,459.453,England,Harry Maguire,carry,29.0,16.0,34.0,21.0,successful,166,1a667016-ff9a-4e7f-9777-da241e1adf90,statsbomb
7585,3,462.56,England,Harry Maguire,pass,34.0,21.0,55.0,32.0,successful,166,5cc00a2f-9980-4964-bd3b-eb992aff7d4d,statsbomb
7585,3,463.76,England,Eric Dier,carry,55.0,32.0,55.0,33.0,successful,166,22d651f3-3621-4f78-9a9e-c54c5a82f244,statsbomb
7585,3,463.8,England,Eric Dier,pass,55.0,33.0,41.0,17.0,successful,166,056d115a-e8d8-4480-b438-7a82a5db88f2,statsbomb
7585,3,465.32,England,Harry Maguire,carry,41.0,17.0,69.0,29.0,successful,166,628c98bb-893c-4baf-bacd-a585ceae11d0,statsbomb
7585,3,470.08,England,Harry Maguire,pass,69.0,29.0,82.0,18.0,successful,166,7357514b-0bc3-493f-b17e-8e94516962e7,statsbomb
7585,3,471.293,England,Jordan Brian Henderson,carry,82.0,18.0,94.0,12.0,successful,166,26580f0f-5c2c-449d-9d7a-4debe7977a1e,statsbomb
7585,3,473.52,England,Jordan Brian Henderson,pass,94.0,12.0,99.0,21.0,successful,166,2b7884db-35fb-456d-808c-b47598063982,statsbomb
7585,3,474.413,England,Jamie Vardy,carry,99.0,21.0,93.0,26.0,successful,166,bf4c84d2-5755-4e1b-9102-456c256ab511,statsbomb
7585,3,475.653,England,Jamie Vardy,pass,93.0,26.0,82.0,43.0,successful,166,3c0385c3-2401-4c57-95ae-5429447e30b7,statsbomb
7585,3,477.293,England,Harry Kane,carry,82.0,43.0,82.0,41.0,successful,166,effb155d-5c53-49a7-bc89-1719c9670c9a,statsbomb
7585,3,478.44,England,Harry Kane,pass,82.0,41.0,119.0,32.0,incomplete,166,bfce530b-04af-461f-8970-b2fc1b248ed8,statsbomb
7585,3,480.88,Colombia,David Ospina Ramírez,carry,2.0,49.0,16.0,49.0,successful,167,f3c4d651-3e6d-4ca4-bafb-4a99fa222506,statsbomb
7585,3,498.4,Colombia,David Ospina Ramírez,pass,16.0,49.0,24.0,66.0,successful,167,edad168d-16c0-4f32-89d4-0398289ca777,statsbomb
7585,3,500.12,Colombia,Yerry Fernando Mina González,carry,24.0,66.0,32.0,73.0,successful,167,94e9f436-405e-43e5-953c-d0d93bdd7fe7,statsbomb
7585,3,502.6,Colombia,Yerry Fernando Mina González,pass,32.0,73.0,50.0,79.0,successful,167,23e5f817-96da-468e-86b4-89a20c7c855f,statsbomb
7585,3,503.76,Colombia,Juan Guillermo Cuadrado Bello,carry,50.0,79.0,50.0,79.0,successful,167,7765f6f4-b9da-4809-bf96-62660b56d1b8,statsbomb
7585,3,505.08,Colombia,Juan Guillermo Cuadrado Bello,pass,50.0,79.0,45.0,58.0,successful,167,e0910b8f-2dd3-4cfb-8281-edf97fe9b8b0,statsbomb
7585,3,506.32,Colombia,Wílmar Enrique Barrios Terán,pass,45.0,58.0,73.0,60.0,successful,167,695f0bb9-309d-4ab0-b79f-0d014e868f9a,statsbomb
7585,3,507.72,Colombia,Carlos Arturo Bacca Ahumada,pass,73.0,60.0,66.0,54.0,successful,167,bacdb30f-4610-4eca-8ec6-696452de6013,statsbomb
7585,3,508.64,Colombia,Radamel Falcao García Zárate,carry,66.0,54.0,67.0,51.0,successful,167,2ca36dc4-7f91-4383-9c9c-a0165fbc1100,statsbomb
7585,3,513.4,England,Jordan Pickford,pass,19.0,31.0,80.0,33.0,incomplete,167,4f546c9e-564d-4c96-ab01-136af253930c,statsbomb
7585,3,516.68,Colombia,Yerry Fernando Mina González,pass,40.0,48.0,48.0,72.0,successful,167,bfa94893-69ec-4e7b-aff0-5b23c9c0fef3,statsbomb
7585,3,519.32,Colombia,Juan Guillermo Cuadrado Bello,carry,48.0,72.0,46.0,73.0,successful,167,76be2d3e-11da-4be3-8511-de53b96750f0,statsbomb
7585,3,523.36,Colombia,Juan Guillermo Cuadrado Bello,pass,46.0,73.0,29.0,57.0,successful,167,54bcba4a-278e-4416-837f-fbdee8849e57,statsbomb
7585,3,525.0,Colombia,Yerry Fernando Mina González,carry,29.0,57.0,29.0,57.0,successful,167,77ff2814-6a8f-4564-8a65-09197c6e2345,statsbomb
7585,3,525.52,Colombia,Yerry Fernando Mina González,pass,29.0,57.0,29.0,30.0,successful,167,d5708d01-e840-4ffe-8504-c7e91a01338d,statsbomb
7585,3,527.12,Colombia,Davinson Sánchez Mina,carry,29.0,30.0,41.0,25.0,successful,167,43ab0eb5-09d5-4e80-b5fb-b60d3249a9bf,statsbomb
7585,3,531.44,Colombia,Davinson Sánchez Mina,pass,41.0,25.0,58.0,27.0,successful,167,6a202864-43ce-407f-a1cd-93a550e5cd7c,statsbomb
7585,3,532.56,Colombia,Luis Fernando Muriel Fruto,carry,58.0,27.0,54.0,26.0,successful,167,aa8f0560-029e-49c7-a82b-a1e5284fae73,statsbomb
7585,3,533.533,Colombia,Luis Fernando Muriel Fruto,pass,54.0,26.0,32.0,47.0,successful,167,57540149-75af-43f0-ac60-ea5dbb13689c,statsbomb
7585,3,535.319,Colombia,Yerry Fernando Mina González,carry,32.0,47.0,32.0,47.0,successful,167,00a9ed02-20df-4c78-b20d-598f5f6dfce8,statsbomb
7585,3,536.12,Colombia,Yerry Fernando Mina González,pass,32.0,47.0,45.0,61.0,successful,167,6579b30d-b9bc-44a7-a921-efb4ead4878d,statsbomb
7585,3,537.84,Colombia,Santiago Arias Naranjo,carry,45.0,61.0,55.0,66.0,successful,167,d5dc1749-6219-4817-99cf-0e55fac05f36,statsbomb
7585,3,539.76,Colombia,Santiago Arias Naranjo,pass,55.0,66.0,71.0,77.0,successful,167,43d0a388-7849-4880-9143-298c1961dae9,statsbomb
7585,3,541.333,Colombia,Juan Guillermo Cuadrado Bello,carry,71.0,77.0,69.0,77.0,successful,167,6860fc33-dce7-460f-808a-f2334cedce28,statsbomb
7585,3,542.44,Colombia,Juan Guillermo Cuadrado Bello,pass,69.0,77.0,96.0,48.0,incomplete,167,6d4158db-538f-4f6b-b239-4a1511670a52,statsbomb
7585,3,546.44,Colombia,Andrés Mateus Uribe Villa,carry,80.0,39.0,94.0,61.0,successful,167,44370f35-dd60-4cf2-add6-3fbd6abbdee1,statsbomb
7585,3,549.293,Colombia,Andrés Mateus Uribe Villa,carry,94.0,61.0,100.0,63.0,successful,167,1545559c-3ed7-4c96-9896-0025e0126e0c,statsbomb
7585,3,552.213,England,Harry Maguire,carry,18.0,21.0,20.0,21.0,successful,168,69f6f152-b2b8-4c98-ab84-5cf8d06ce4d1,statsbomb
7585,3,552.84,England,Harry Maguire,pass,20.0,21.0,20.0,10.0,successful,168,d8a217b4-c32f-48be-b2d5-48c00496eb3c,statsbomb
7585,3,553.813,England,Ashley Young,carry,20.0,10.0,19.0,10.0,successful,168,3fbe2761-eb2f-40ca-8f63-8ac32294c31d,statsbomb
7585,3,554.84,England,Ashley Young,pass,19.0,10.0,22.0,11.0,incomplete,168,c39e9152-5432-4ac1-a8d4-5105db7ca949,statsbomb
7585,3,569.16,England,Ashley Young,pass,20.0,2.0,24.0,8.0,successful,169,6889a99a-5241-4fd3-80e1-92d0b801e717,statsbomb
7585,3,570.24,England,John Stones,carry,24.0,8.0,24.0,10.0,successful,169,3131b74e-184d-4fd2-bfd1-c64f854b2882,statsbomb
7585,3,570.76,England,John Stones,pass,24.0,10.0,23.0,9.0,successful,169,5a22388f-80b0-438c-9121-0a22c00ac824,statsbomb
7585,3,572.6,England,Harry Maguire,pass,22.0,10.0,6.0,27.0,successful,169,e38fbd3b-37a7-49d4-a954-dd2a045c8f5a,statsbomb
7585,3,574.96,England,Jordan Pickford,carry,6.0,27.0,13.0,23.0,successful,169,422550cd-3f61-45c8-88ef-69dbd1469913,statsbomb
7585,3,578.64,England,Jordan Pickford,pass,13.0,23.0,18.0,11.0,successful,169,aeeca55d-7dcf-430d-990e-6f30e38d31e3,statsbomb
7585,3,579.76,England,Harry Maguire,carry,18.0,11.0,19.0,13.0,successful,169,013243a3-3baf-48d6-aac4-b69edf937383,statsbomb
7585,3,580.96,England,Harry Maguire,pass,19.0,13.0,31.0,22.0,successful,169,475900c2-215f-46e5-a545-defef59e21b7,statsbomb
7585,3,582.08,England,Eric Dier,carry,31.0,22.0,31.0,17.0,successful,169,a4f1c6c0-0602-49e3-b973-81bb595be409,statsbomb
7585,3,582.773,England,Eric Dier,pass,31.0,17.0,42.0,4.0,successful,169,72d228c8-6669-4094-b29b-7a400360974a,statsbomb
7585,3,584.212,England,Ashley Young,carry,42.0,4.0,43.0,4.0,successful,169,f67231ea-ad9d-4abe-91f2-4b0459a8b807,statsbomb
7585,3,584.92,England,Ashley Young,pass,43.0,4.0,36.0,12.0,successful,169,70e1dd10-12b7-4531-b16e-00656800b26f,statsbomb
7585,3,586.133,England,Eric Dier,carry,36.0,12.0,36.0,18.0,successful,169,c87eff14-772a-4bb5-9b11-abd6ee7fdb54,statsbomb
7585,3,587.52,England,Eric Dier,pass,36.0,18.0,38.0,41.0,successful,169,5f5af539-8052-48df-853c-7f7c2e450a3b,statsbomb
7585,3,588.693,England,John Stones,carry,38.0,41.0,40.0,52.0,successful,169,10f72dcd-3eff-471c-9f5f-3a920e2287c4,statsbomb
7585,3,591.64,England,John Stones,pass,40.0,52.0,62.0,66.0,successful,169,784156dc-76b2-474d-a766-876e3dd318c0,statsbomb
7585,3,592.96,England,Jesse Lingard,carry,62.0,66.0,61.0,61.0,successful,169,757f3d5c-baa5-4ea8-8a35-eb3e5f425b1b,statsbomb
7585,3,594.76,Colombia,Andrés Mateus Uribe Villa,pass,65.0,28.0,74.0,28.0,successful,170,d5a80a49-72f9-4003-a89a-e11bcecbf377,statsbomb
7585,3,595.84,Colombia,Radamel Falcao García Zárate,carry,74.0,28.0,74.0,28.0,successful,170,e76b4fed-a4d7-41b6-961d-a4221ecf78de,statsbomb
7585,3,596.4,Colombia,Radamel Falcao García Zárate,pass,74.0,28.0,77.0,3.0,successful,170,0eb94f20-fd8b-44d3-84b8-d1bed6df4130,statsbomb
7585,3,597.52,Colombia,Luis Fernando Muriel Fruto,carry,77.0,3.0,98.0,4.0,successful,170,be965eb3-1a1c-4197-ab2c-8691dfaaeccd,statsbomb
7585,3,602.88,Colombia,Luis Fernando Muriel Fruto,pass,98.0,4.0,88.0,4.0,successful,170,4680bb43-9a4b-490b-8aa1-6e81977f9ab7,statsbomb
7585,3,603.773,Colombia,Johan Andrés Mojica Palacio,carry,88.0,4.0,88.0,4.0,successful,170,01405b99-3c76-4067-989b-fd78be45cbaf,statsbomb
7585,3,606.84,Colombia,Johan Andrés Mojica Palacio,pass,88.0,4.0,68.0,24.0,successful,170,6aa1cea9-f9de-44f2-bc06-d63a9c3f2bb7,statsbomb
7585,3,608.36,Colombia,Wílmar Enrique Barrios Terán,carry,68.0,24.0,67.0,26.0,successful,170,f37afcd5-823c-471b-8b21-d4846ff019b3,statsbomb
7585,3,609.72,Colombia,Wílmar Enrique Barrios Terán,pass,67.0,26.0,72.0,55.0,successful,170,2e786462-1998-4e6a-aacf-3bc3dab55281,statsbomb
7585,3,611.8,Colombia,Santiago Arias Naranjo,carry,72.0,55.0,84.0,66.0,successful,170,805cbb80-bb15-4683-908f-5fc23ba40bab,statsbomb
7585,3,614.4,Colombia,Santiago Arias Naranjo,pass,84.0,66.0,86.0,79.0,successful,170,b5bdb8a4-6bf6-4d6c-99fc-5451105db12f,statsbomb
7585,3,615.573,Colombia,Juan Guillermo Cuadrado Bello,carry,86.0,79.0,90.0,78.0,successful,170,90d0587f-75d5-4b5a-846f-aa5f2b2d4d59,statsbomb
7585,3,617.32,Colombia,Juan Guillermo Cuadrado Bello,pass,90.0,78.0,108.0,45.0,successful,170,fac77583-4ef8-4ef6-88bb-c62fb7509812,statsbomb
7585,3,659.96,Colombia,Juan Guillermo Cuadrado Bello,pass,120.0,80.0,110.0,42.0,successful,171,87271a83-e650-4c23-b32a-ed1aca5640d4,statsbomb
7585,3,712.933,England,John Stones,pass,32.0,41.0,29.0,70.0,successful,172,5e65ed47-d78b-423f-8b6a-857a48368af7,statsbomb
7585,3,715.293,England,Kyle Walker,carry,29.0,70.0,43.0,68.0,successful,172,80280fc3-964a-4d2e-b675-0552b3374f2a,statsbomb
7585,3,719.6,England,Kyle Walker,pass,43.0,68.0,39.0,44.0,successful,172,94216ee0-0300-4698-b836-950519560e01,statsbomb
7585,3,721.04,England,John Stones,carry,39.0,44.0,37.0,40.0,successful,172,af051341-d6f0-4698-a9e3-2f98543c06fd,statsbomb
7585,3,721.08,England,John Stones,pass,37.0,40.0,48.0,18.0,successful,172,58adfb01-44a1-4364-a89c-9f713dbb9b8a,statsbomb
7585,3,722.72,England,Jordan Brian Henderson,carry,48.0,18.0,46.0,19.0,successful,172,48f13bd8-a196-422d-bea8-21e113827927,statsbomb
7585,3,726.0,England,Jordan Brian Henderson,pass,46.0,19.0,38.0,37.0,successful,172,7866fc2a-ab8b-41ba-9aa8-123230c38d32,statsbomb
7585,3,727.52,England,John Stones,carry,38.0,37.0,54.0,33.0,successful,172,202738ca-8495-4d5e-842b-07143872670d,statsbomb
7585,3,733.2,England,John Stones,pass,54.0,33.0,63.0,42.0,successful,172,a79738c4-2470-432f-82da-2ceafcb74fb0,statsbomb
7585,3,734.093,England,Jordan Brian Henderson,carry,63.0,42.0,62.0,41.0,successful,172,8c62306d-b870-481c-b279-d9a9c66e0cf6,statsbomb
7585,3,734.64,England,Jordan Brian Henderson,pass,62.0,41.0,55.0,33.0,successful,172,17ab9dbd-cb4c-4fd1-a9c1-cb68c13c7b53,statsbomb
7585,3,735.573,England,John Stones,pass,55.0,33.0,51.0,44.0,successful,172,95745122-dac6-448f-8ec8-e1b490eba9e2,statsbomb
7585,3,737.013,England,Eric Dier,carry,51.0,44.0,55.0,51.0,successful,172,d7e0769a-2093-427c-a5ac-79727bc6b231,statsbomb
7585,3,739.48,England,Eric Dier,pass,55.0,51.0,63.0,68.0,successful,172,db6abdc6-a600-429e-ae67-d0d259e624cb,statsbomb
7585,3,741.053,England,Kyle Walker,carry,63.0,68.0,91.0,69.0,successful,172,f1201cf4-b88e-45c9-8950-fdd7576947a0,statsbomb
7585,3,746.56,Colombia,Johan Andrés Mojica Palacio,carry,23.0,15.0,54.0,2.0,successful,173,5dd188d4-2f54-4a44-9d79-2409d27143fe,statsbomb
7585,3,768.64,Colombia,Wílmar Enrique Barrios Terán,pass,49.0,30.0,51.0,59.0,successful,174,b7b54a76-5b61-41f8-b04b-0b7dab8898e5,statsbomb
7585,3,770.72,Colombia,Santiago Arias Naranjo,carry,51.0,59.0,58.0,57.0,successful,174,bb871341-9f4d-4597-a6bd-23e61221f36f,statsbomb
7585,3,772.04,Colombia,Santiago Arias Naranjo,pass,58.0,57.0,46.0,52.0,successful,174,dddad3cb-41b1-468f-84fc-ab8151a3d45f,statsbomb
7585,3,773.92,Colombia,Yerry Fernando Mina González,carry,46.0,52.0,46.0,52.0,successful,174,fd0bfe2c-9e44-472b-8a03-e27e431ed5c5,statsbomb
7585,3,774.56,Colombia,Yerry Fernando Mina González,pass,46.0,52.0,46.0,38.0,successful,174,74ae2bff-517f-42ac-bf52-e36f61605c29,statsbomb
7585,3,775.64,Colombia,Wílmar Enrique Barrios Terán,carry,46.0,38.0,46.0,35.0,successful,174,22d953a2-a3e6-4d09-8703-16c6ccd274e8,statsbomb
7585,3,777.4,Colombia,Wílmar Enrique Barrios Terán,pass,46.0,35.0,49.0,12.0,successful,174,a5dc35cd-5ab8-4a5d-8883-00ec4c64196c,statsbomb
7585,3,779.0,Colombia,Davinson Sánchez Mina,carry,49.0,12.0,49.0,12.0,successful,174,ec724e4d-bd23-4b29-980d-6324d0a6e6e1,statsbomb
7585,3,779.8,Colombia,Davinson Sánchez Mina,pass,49.0,12.0,63.0,2.0,successful,174,7eef3405-72f1-4ce2-9515-556bd4589d1d,statsbomb
7585,3,780.933,Colombia,Andrés Mateus Uribe Villa,carry,63.0,2.0,63.0,2.0,successful,174,054488e1-28ed-4195-b580-68d594256abd,statsbomb
7585,3,781.4,Colombia,Andrés Mateus Uribe Villa,pass,63.0,2.0,77.0,5.0,successful,174,caaea607-2b8d-4ea5-9b35-2d597718d4b5,statsbomb
7585,3,782.24,Colombia,Luis Fernando Muriel Fruto,carry,77.0,5.0,79.0,5.0,successful,174,7315e6b7-ffb2-458b-846e-cd90fe8ffef3,statsbomb
7585,3,783.12,Colombia,Luis Fernando Muriel Fruto,pass,79.0,5.0,97.0,3.0,successful,174,c807e904-c00b-497b-82da-41011ddceb99,statsbomb
7585,3,785.2,Colombia,Johan Andrés Mojica Palacio,carry,97.0,3.0,97.0,3.0,successful,174,57003a1e-052b-4ed8-9226-323c03bf6e29,statsbomb
7585,3,785.24,Colombia,Johan Andrés Mojica Palacio,pass,97.0,3.0,109.0,40.0,successful,174,042a5af5-5013-46f5-ba31-59f36c20a33c,statsbomb
7585,3,814.32,England,Kyle Walker,pass,21.0,60.0,33.0,59.0,successful,175,042f7410-946f-4265-bc6f-fffc818964b0,statsbomb
7585,3,815.493,England,Eric Dier,pass,32.0,60.0,20.0,60.0,successful,175,c113bda2-77c9-49bd-bdd9-364f55b530d9,statsbomb
7585,3,816.773,England,Kyle Walker,carry,20.0,60.0,21.0,61.0,successful,175,702588d8-6e0f-496f-9bea-a06e6618c340,statsbomb
7585,3,819.4,England,Kyle Walker,pass,21.0,61.0,36.0,56.0,successful,175,9a1542df-27e3-467f-86b3-ef7810ec916c,statsbomb
7585,3,820.16,England,Eric Dier,pass,36.0,57.0,24.0,41.0,successful,175,5e5d9bb4-44c6-4f40-96dc-dc8410e92921,statsbomb
7585,3,822.16,England,John Stones,carry,24.0,41.0,29.0,34.0,successful,175,32a973b1-fdb6-4699-a5ab-e99fd4d505a6,statsbomb
7585,3,823.48,England,John Stones,pass,29.0,34.0,53.0,1.0,out,175,9663aa56-10f8-4af9-ab3c-13d6caedcc1a,statsbomb
7585,3,836.8,Colombia,Juan Guillermo Cuadrado Bello,pass,64.0,79.0,39.0,67.0,successful,176,656b8d90-33d3-4986-9e71-19a3e484ff3f,statsbomb
7585,3,839.24,Colombia,Yerry Fernando Mina González,carry,39.0,67.0,38.0,63.0,successful,176,1a687774-3607-49dd-b164-eacbacca9838,statsbomb
7585,3,840.8,Colombia,Yerry Fernando Mina González,pass,38.0,63.0,45.0,22.0,successful,176,481674f9-9fa5-435c-95ef-438a9e373262,statsbomb
7585,3,843.2,Colombia,Davinson Sánchez Mina,carry,45.0,22.0,52.0,18.0,successful,176,40095558-fd3e-4cfa-afb2-6dc5ce70673b,statsbomb
7585,3,844.76,Colombia,Davinson Sánchez Mina,pass,52.0,18.0,56.0,3.0,successful,176,86d96513-84eb-4e6b-a669-6d624ed2cf56,statsbomb
7585,3,845.96,Colombia,Andrés Mateus Uribe Villa,carry,56.0,3.0,54.0,10.0,successful,176,3fdadba0-2ab2-40af-b8a9-33956af4095a,statsbomb
7585,3,847.96,Colombia,Andrés Mateus Uribe Villa,pass,54.0,10.0,43.0,42.0,successful,176,d34e8cf4-2185-470c-ba8c-d75ccb939865,statsbomb
7585,3,849.8,Colombia,Yerry Fernando Mina González,carry,43.0,42.0,44.0,45.0,successful,176,d4fccbd1-3c8b-4059-ae7f-3527b619dcd5,statsbomb
7585,3,851.2,Colombia,Yerry Fernando Mina González,pass,44.0,45.0,56.0,61.0,successful,176,3ea55455-da8b-42ca-9a1b-055a672a00e5,statsbomb
7585,3,852.6,Colombia,Juan Guillermo Cuadrado Bello,carry,56.0,61.0,55.0,61.0,successful,176,06e79ae6-0026-49aa-a31a-b0191eaaa93e,statsbomb
7585,3,855.2,Colombia,Juan Guillermo Cuadrado Bello,pass,55.0,61.0,54.0,36.0,successful,176,9ec36a68-1b46-417b-843a-4b72d1328eeb,statsbomb
7585,3,857.093,Colombia,Davinson Sánchez Mina,carry,54.0,36.0,63.0,29.0,successful,176,192b9118-5609-4729-b26a-931f1c74b747,statsbomb
7585,3,859.44,Colombia,Davinson Sánchez Mina,pass,63.0,29.0,78.0,41.0,successful,176,f3e050cb-c512-4818-affb-e2c02f0f41b4,statsbomb
7585,3,860.493,Colombia,Radamel Falcao García Zárate,carry,78.0,41.0,73.0,41.0,successful,176,9e42054d-aeaf-4439-9be8-e2010a69b0ce,statsbomb
7585,3,862.76,Colombia,Radamel Falcao García Zárate,pass,73.0,41.0,56.0,41.0,successful,176,35ab9847-5236-4560-9dd6-3555179bc95c,statsbomb
7585,3,864.52,Colombia,Wílmar Enrique Barrios Terán,carry,56.0,41.0,57.0,46.0,successful,176,6104c81e-b43a-4643-ba95-c3781ed2898b,statsbomb
7585,3,865.52,Colombia,Wílmar Enrique Barrios Terán,pass,57.0,46.0,65.0,59.0,successful,176,15a310d8-a914-47a6-9462-2e3eab768bc9,statsbomb
7585,3,866.44,Colombia,Juan Guillermo Cuadrado Bello,carry,65.0,59.0,65.0,59.0,successful,176,ab33dba0-967e-4992-9f47-1d36845a8f45,statsbomb
7585,3,868.32,Colombia,Juan Guillermo Cuadrado Bello,pass,65.0,59.0,63.0,5.0,successful,176,0e975b04-6556-4740-a331-5f4af77a24f7,statsbomb
7585,3,870.52,Colombia,Andrés Mateus Uribe Villa,carry,63.0,5.0,60.0,22.0,successful,176,3cb6db23-7a3a-46b8-a488-b0479358b1f0,statsbomb
7585,3,874.16,Colombia,Andrés Mateus Uribe Villa,pass,60.0,22.0,77.0,16.0,successful,176,5873d688-94aa-4b70-a61c-e7a6f4108980,statsbomb
7585,3,875.173,Colombia,Luis Fernando Muriel Fruto,carry,77.0,16.0,83.0,16.0,successful,176,ac0b63ea-f92d-481f-9465-c9021b24196a,statsbomb
7585,3,876.96,Colombia,Luis Fernando Muriel Fruto,pass,83.0,16.0,93.0,19.0,successful,176,6a3b76ba-972e-4245-ae1c-c7b3e01d4b77,statsbomb
7585,3,877.653,Colombia,Carlos Arturo Bacca Ahumada,carry,93.0,19.0,92.0,23.0,successful,176,e089f767-0d7b-4995-ad8d-eba2a6ec1e78,statsbomb
7585,3,878.64,Colombia,Carlos Arturo Bacca Ahumada,pass,92.0,23.0,97.0,42.0,successful,176,d41a7783-0e64-4ced-8bcc-ab0658573af0,statsbomb
7585,3,879.653,Colombia,Radamel Falcao García Zárate,carry,97.0,42.0,94.0,41.0,successful,176,a23eb21f-beaa-483c-9ef1-d307388dc5ce,statsbomb
7585,3,881.48,Colombia,Radamel Falcao García Zárate,pass,94.0,41.0,104.0,14.0,successful,176,46b21025-0b2c-442d-968b-44c1532c5de9,statsbomb
7585,3,883.773,Colombia,Johan Andrés Mojica Palacio,carry,104.0,14.0,111.0,14.0,successful,176,886345cf-288d-4ed7-a71f-1bde7377de94,statsbomb
7585,3,886.2,Colombia,Johan Andrés Mojica Palacio,pass,111.0,14.0,120.0,58.0,out,176,f2c51a79-0c12-42b1-a438-e094b1e082d7,statsbomb
7585,3,909.16,England,Kyle Walker,pass,33.0,67.0,46.0,60.0,successful,177,843c690e-0b1d-496d-b31f-f355a32ee0aa,statsbomb
7585,3,910.613,England,Harry Maguire,carry,46.0,60.0,52.0,57.0,successful,177,317588a2-08d0-4e49-9b14-e50ad727d1ad,statsbomb
7585,3,912.32,England,Harry Maguire,pass,52.0,57.0,97.0,1.0,out,177,76f9c5ac-e4c5-4b75-8926-99f1c4c6ffa7,statsbomb
7585,3,935.96,Colombia,Santiago Arias Naranjo,pass,45.0,80.0,70.0,72.0,successful,178,8d26d3b8-d62f-4096-9eff-c5e43e884adf,statsbomb
7585,3,937.76,Colombia,Carlos Arturo Bacca Ahumada,pass,70.0,73.0,78.0,46.0,incomplete,178,5617f362-0616-48c6-b5cd-e7e4b040292f,statsbomb
7585,3,939.96,England,Kyle Walker,carry,43.0,35.0,32.0,40.0,successful,179,825eca19-866e-4621-8ad1-72a7a84f1a0c,statsbomb
7585,3,941.44,England,Kyle Walker,pass,32.0,40.0,30.0,52.0,successful,179,07aaef9c-e99f-424f-aba0-a32b9c412428,statsbomb
7585,3,942.093,England,Kieran Trippier,carry,30.0,52.0,25.0,76.0,successful,179,7ddd7d47-5b79-4dd8-b6df-1822c90758a8,statsbomb
7585,3,978.72,England,Jordan Pickford,pass,27.0,78.0,93.0,61.0,successful,180,faf97af3-6421-429c-b6bd-9ce4e3fcd98a,statsbomb
7585,3,981.68,England,Harry Kane,pass,93.0,63.0,105.0,58.0,successful,180,c09960c8-063a-4035-b82a-42238871c8a8,statsbomb
7585,3,983.08,England,Jamie Vardy,pass,104.0,60.0,120.0,60.0,out,180,2c08c628-3997-470d-96e3-9843c07a9461,statsbomb
7585,4,2.84,England,Jesse Lingard,pass,61.0,40.0,40.0,36.0,successful,181,f3d7f4d0-5743-47ef-8f93-ccc33d66269a,statsbomb
7585,4,2.893,England,John Stones,carry,40.0,36.0,42.0,40.0,successful,181,802027ee-a789-4ee0-ab8e-eaef6239d07d,statsbomb
7585,4,4.48,England,John Stones,pass,42.0,40.0,96.0,56.0,incomplete,181,dc53cab4-36dd-472c-ad1b-adbf5bb4878e,statsbomb
7585,4,7.76,Colombia,Davinson Sánchez Mina,pass,25.0,31.0,24.0,38.0,incomplete,181,4db90f57-c338-4a4d-a589-c7da1a52361f,statsbomb
7585,4,9.6,England,Jesse Lingard,carry,97.0,43.0,98.0,45.0,successful,181,220d3583-1f99-4c9d-be25-61f49d3a7459,statsbomb
7585,4,10.68,England,Jordan Brian Henderson,pass,93.0,31.0,98.0,41.0,incomplete,181,18a9b76f-4f01-49e3-9fd8-3efa69699243,statsbomb
7585,4,11.6,England,Jordan Brian Henderson,pass,95.0,36.0,107.0,44.0,pass offside,181,2f96d3c1-c157-469a-b5f6-0dfe75d3c82a,statsbomb
7585,4,40.76,Colombia,David Ospina Ramírez,pass,16.0,29.0,74.0,13.0,successful,182,0615e43a-fcc2-4c23-8484-3b0e492b6893,statsbomb
7585,4,44.0,Colombia,Johan Andrés Mojica Palacio,pass,74.0,13.0,93.0,19.0,incomplete,182,97ee62d3-d2be-49d6-aa1d-da7062f5e3dc,statsbomb
7585,4,45.44,England,Kyle Walker,carry,28.0,62.0,25.0,67.0,successful,182,f4181bcc-f719-48f4-940a-4f060f5bfce7,statsbomb
7585,4,46.76,England,Kyle Walker,pass,25.0,67.0,54.0,67.0,incomplete,182,c1183641-87c3-4578-911a-a5784a3fc62b,statsbomb
7585,4,48.0,Colombia,Andrés Mateus Uribe Villa,carry,67.0,14.0,70.0,14.0,successful,182,620f75b5-3ab3-464b-92b4-57daf2f3f356,statsbomb
7585,4,49.0,Colombia,Andrés Mateus Uribe Villa,pass,70.0,14.0,81.0,7.0,incomplete,182,b7298da1-cbf5-4b52-bae2-403d3b8d388a,statsbomb
7585,4,50.76,Colombia,Andrés Mateus Uribe Villa,carry,73.0,15.0,71.0,17.0,successful,182,7eb73bfa-2463-4087-bc70-ac9adc752038,statsbomb
7585,4,51.08,Colombia,Andrés Mateus Uribe Villa,carry,71.0,17.0,72.0,10.0,successful,182,ef69f15f-8610-4a09-8711-f5bcc9676d86,statsbomb
7585,4,52.2,Colombia,Andrés Mateus Uribe Villa,pass,72.0,10.0,83.0,13.0,successful,182,d2dda07c-c4f9-4b94-af31-854faea7f200,statsbomb
7585,4,52.8,Colombia,Luis Fernando Muriel Fruto,carry,83.0,13.0,85.0,13.0,successful,182,5d5ae906-6b27-4e04-84af-489d47a3c912,statsbomb
7585,4,53.4,Colombia,Luis Fernando Muriel Fruto,pass,85.0,13.0,95.0,1.0,out,182,e9f8d920-0cb2-42a7-9413-c8da81041aac,statsbomb
7585,4,67.12,England,Kieran Trippier,pass,27.0,80.0,31.0,71.0,successful,183,6ee35358-a946-4ad4-a111-0d25e58733a9,statsbomb
7585,4,68.053,England,John Stones,carry,31.0,71.0,32.0,68.0,successful,183,3e7988ec-b210-4b3d-9bed-09533ba02646,statsbomb
7585,4,68.52,England,John Stones,pass,32.0,68.0,26.0,79.0,out,183,746dfa5f-bbf0-4e03-b835-14edf9d5a3f3,statsbomb
7585,4,87.96000000000001,Colombia,Johan Andrés Mojica Palacio,pass,95.0,1.0,93.0,9.0,successful,184,57e42e8c-a527-4bdc-bff8-e51b3016c6ab,statsbomb
7585,4,88.8,Colombia,Andrés Mateus Uribe Villa,pass,93.0,9.0,95.0,3.0,successful,184,1dd11575-3846-4a6b-acb7-529e4e76aa1b,statsbomb
7585,4,89.493,Colombia,Johan Andrés Mojica Palacio,carry,95.0,3.0,106.0,3.0,successful,184,215fee19-7b56-413e-b1c3-75672a3d8060,statsbomb
7585,4,94.4,Colombia,Johan Andrés Mojica Palacio,pass,106.0,3.0,100.0,2.0,successful,184,e4ebd76f-20ca-48e8-99de-376f5827f5d5,statsbomb
7585,4,95.0,Colombia,Andrés Mateus Uribe Villa,carry,100.0,2.0,97.0,4.0,successful,184,979fdde6-3dce-4f1d-a9ef-8203c91e60a4,statsbomb
7585,4,96.28,Colombia,Andrés Mateus Uribe Villa,pass,97.0,4.0,82.0,6.0,successful,184,ab320f15-627a-4f79-95f1-58bc1bc6fb16,statsbomb
7585,4,97.68,Colombia,Davinson Sánchez Mina,carry,82.0,6.0,76.0,11.0,successful,184,fbb682b1-8b2a-44a0-af51-2bbfc481cf79,statsbomb
7585,4,99.2,Colombia,Davinson Sánchez Mina,pass,76.0,11.0,63.0,26.0,successful,184,c711b290-7db7-4f72-8e4b-d9a5ff8db3a9,statsbomb
7585,4,100.4,Colombia,Yerry Fernando Mina González,carry,63.0,26.0,66.0,26.0,successful,184,810c3f3f-28c8-40a4-8179-223e69d4f8d2,statsbomb
7585,4,101.28,Colombia,Yerry Fernando Mina González,pass,66.0,26.0,72.0,12.0,successful,184,cc625399-436c-4c98-8697-250d77f57591,statsbomb
7585,4,102.173,Colombia,Davinson Sánchez Mina,carry,72.0,12.0,72.0,12.0,successful,184,04bb9666-336b-4391-bf25-15fb12fce51a,statsbomb
7585,4,103.37299999999999,Colombia,Davinson Sánchez Mina,pass,72.0,12.0,89.0,23.0,incomplete,184,89a7f41b-8097-4c15-a260-d3f7a8edfcda,statsbomb
7585,4,104.16,England,Eric Dier,pass,32.0,58.0,48.0,59.0,successful,184,a4059f1d-bbcc-4ad5-b41e-696d47b72efe,statsbomb
7585,4,105.093,England,Harry Kane,carry,48.0,59.0,50.0,52.0,successful,184,5506145f-8efb-4113-bd37-495bd1e3878a,statsbomb
7585,4,106.24000000000001,England,Harry Kane,pass,50.0,52.0,82.0,44.0,incomplete,184,89b63ab4-ac12-4e69-aa45-ee09a01c8543,statsbomb
7585,4,110.52000000000001,Colombia,Santiago Arias Naranjo,carry,46.0,41.0,40.0,41.0,successful,184,5ce36c46-fc84-4f56-90ad-a9e8e183adef,statsbomb
7585,4,111.56,Colombia,Santiago Arias Naranjo,pass,40.0,41.0,9.0,35.0,successful,184,a7a92c95-43de-4082-a385-a37ca3e33c6b,statsbomb
7585,4,113.44,Colombia,David Ospina Ramírez,carry,9.0,35.0,6.0,28.0,successful,184,45ae1215-3eec-45f0-9845-96dec04edfab,statsbomb
7585,4,115.37299999999999,Colombia,David Ospina Ramírez,pass,6.0,28.0,43.0,25.0,incomplete,184,cf935369-0f50-43bd-86fe-8c9d99b1f2f4,statsbomb
7585,4,117.2,England,Harry Kane,pass,78.0,56.0,94.0,56.0,successful,185,0f039ab5-7b5e-4dd7-81f8-c94e503d0d68,statsbomb
7585,4,118.8,England,Jesse Lingard,pass,92.0,58.0,108.0,56.0,successful,185,d14c22ec-e20f-4ea5-af97-945763b953f4,statsbomb
7585,4,120.733,England,Jamie Vardy,carry,108.0,56.0,112.0,56.0,successful,185,7aa6115e-2482-470e-96d6-211900e0e3ba,statsbomb
7585,4,122.96,Colombia,Yerry Fernando Mina González,carry,9.0,29.0,11.0,29.0,successful,186,7ddd7808-b49a-4fdd-815b-c9e54d8cdacf,statsbomb
7585,4,123.8,Colombia,Yerry Fernando Mina González,pass,11.0,29.0,14.0,16.0,successful,186,986c1b05-5e91-4986-8ac3-314a06c4602c,statsbomb
7585,4,124.88,Colombia,Andrés Mateus Uribe Villa,carry,14.0,16.0,12.0,13.0,successful,186,f2c35b7d-b368-4e59-b7be-70a90e770dbb,statsbomb
7585,4,127.64,Colombia,Andrés Mateus Uribe Villa,pass,12.0,13.0,63.0,45.0,incomplete,186,44d9ab15-06ee-42e7-994d-6df43117c66a,statsbomb
7585,4,130.88,England,Harry Maguire,pass,68.0,46.0,78.0,52.0,incomplete,186,ac046451-78d1-49b4-b4d8-829f4126eab7,statsbomb
7585,4,133.8,Colombia,Luis Fernando Muriel Fruto,pass,43.0,29.0,59.0,30.0,successful,186,ec69ec7e-070c-4325-8896-d375e1c50d53,statsbomb
7585,4,135.493,Colombia,Carlos Arturo Bacca Ahumada,carry,59.0,30.0,58.0,31.0,successful,186,6a17c8a1-0a52-4c16-9719-c41b7d6955de,statsbomb
7585,4,136.933,Colombia,Carlos Arturo Bacca Ahumada,pass,58.0,31.0,100.0,54.0,incomplete,186,948f0600-8b81-4929-b4c7-a78f0cabe324,statsbomb
7585,4,147.28,Colombia,Radamel Falcao García Zárate,pass,93.0,79.0,78.0,78.0,successful,187,d1fcc995-b49a-4a89-9a3a-a80b3ff65575,statsbomb
7585,4,148.573,Colombia,Juan Guillermo Cuadrado Bello,carry,78.0,78.0,89.0,77.0,successful,187,de1ad098-7d79-458a-8c56-f16b40b99dee,statsbomb
7585,4,152.933,Colombia,Juan Guillermo Cuadrado Bello,carry,89.0,77.0,94.0,78.0,successful,187,11fae2de-50e6-47f1-b23f-ac5c4ff861f9,statsbomb
7585,4,153.44,Colombia,Juan Guillermo Cuadrado Bello,pass,94.0,78.0,100.0,65.0,successful,187,e9fa6367-c73e-46ae-ae2c-2a28193ebd84,statsbomb
7585,4,154.16,Colombia,Radamel Falcao García Zárate,carry,100.0,65.0,100.0,65.0,successful,187,07e2554c-bf90-48e9-93cf-ba5db8e035d6,statsbomb
7585,4,156.4,England,Danny Rose,pass,20.0,2.0,48.0,8.0,successful,187,072d8127-ec55-4e9e-ac9a-ea3089d01685,statsbomb
7585,4,157.453,England,Jamie Vardy,carry,48.0,8.0,42.0,3.0,successful,187,8c9159a5-0575-475f-b653-7058ebdb097b,statsbomb
7585,4,158.96,England,Jamie Vardy,pass,42.0,3.0,43.0,3.0,out,187,83c212a2-1dad-4312-850b-48300fc87555,statsbomb
7585,4,171.72,Colombia,Yerry Fernando Mina González,pass,39.0,80.0,28.0,63.0,successful,188,03820396-9e07-43df-b927-cdeeb2e7d12e,statsbomb
7585,4,174.72,Colombia,Davinson Sánchez Mina,carry,28.0,63.0,27.0,59.0,successful,188,766c91fa-0aa1-4370-bfd7-c5f5b04d7489,statsbomb
7585,4,176.6,Colombia,Davinson Sánchez Mina,pass,27.0,59.0,51.0,24.0,successful,188,ad2b3fc2-c212-48b0-ad75-91e9f3105f3c,statsbomb
7585,4,179.56,Colombia,Andrés Mateus Uribe Villa,carry,51.0,24.0,53.0,24.0,successful,188,9d5abea5-d33d-4b2b-a37a-93fd6c0bb4ec,statsbomb
7585,4,180.44,Colombia,Andrés Mateus Uribe Villa,pass,53.0,24.0,68.0,4.0,successful,188,b6b98cee-f378-4ed4-9937-be5421513615,statsbomb
7585,4,181.72,Colombia,Johan Andrés Mojica Palacio,pass,68.0,4.0,72.0,4.0,incomplete,188,96d348d9-ac02-4d45-aba0-50cb1c7e4452,statsbomb
7585,4,197.0,Colombia,Johan Andrés Mojica Palacio,pass,74.0,1.0,89.0,5.0,successful,189,1d237c86-15a5-495a-96c0-c323226f823f,statsbomb
7585,4,198.293,Colombia,Luis Fernando Muriel Fruto,carry,89.0,5.0,86.0,11.0,successful,189,ba74a929-4ddf-4931-9b32-0ae4065afd33,statsbomb
7585,4,200.0,Colombia,Luis Fernando Muriel Fruto,pass,86.0,11.0,83.0,26.0,successful,189,f8368f5e-5bef-49c4-aa59-e55fdc7c877c,statsbomb
7585,4,200.853,Colombia,Andrés Mateus Uribe Villa,carry,83.0,26.0,86.0,30.0,successful,189,95f240a8-fd79-46d3-b15e-e271ba1070a2,statsbomb
7585,4,201.92000000000002,Colombia,Andrés Mateus Uribe Villa,pass,86.0,30.0,111.0,31.0,incomplete,189,3166a8ed-eaf4-4fd3-9ae6-a5d707084597,statsbomb
7585,4,204.53300000000002,England,Jordan Pickford,carry,10.0,50.0,13.0,28.0,successful,190,c924515f-9d42-4229-871d-ca3ba04cd95e,statsbomb
7585,4,219.44,England,Jordan Pickford,pass,13.0,28.0,23.0,14.0,successful,190,6400f5d2-a628-4015-8518-d98b4646e70c,statsbomb
7585,4,220.76,England,Harry Maguire,carry,23.0,14.0,21.0,16.0,successful,190,a95a4ca4-c4b9-4ea6-8c4b-11f683ddf6ab,statsbomb
7585,4,221.6,England,Harry Maguire,pass,21.0,16.0,7.0,25.0,successful,190,b73b2d52-0f1a-41ec-a42f-bb18421f7c80,statsbomb
7585,4,222.96,England,Jordan Pickford,pass,7.0,25.0,25.0,25.0,successful,190,e13909a7-4165-4539-8304-c177c94d0bc4,statsbomb
7585,4,223.973,England,John Stones,pass,24.0,27.0,25.0,10.0,successful,190,6af6fcc0-4d16-4427-8c57-b03056708869,statsbomb
7585,4,225.293,England,Harry Maguire,carry,25.0,10.0,36.0,8.0,successful,190,09818891-deb0-493d-9ddb-fde8908a4e55,statsbomb
7585,4,227.92000000000002,England,Harry Maguire,pass,36.0,8.0,53.0,2.0,successful,190,e54e483c-2860-423e-a257-daaca807574c,statsbomb
7585,4,229.12,England,Danny Rose,carry,53.0,2.0,56.0,1.0,successful,190,f7f4f667-c146-40b5-b36a-027ceebd28c3,statsbomb
7585,4,230.64,England,Danny Rose,pass,56.0,1.0,95.0,14.0,successful,190,7ac3d3b5-756c-47c2-b926-29f91c6220f0,statsbomb
7585,4,232.96,England,Jamie Vardy,carry,95.0,14.0,96.0,17.0,successful,190,e3b81070-95dd-47a2-abab-1a26f8a07788,statsbomb
7585,4,234.76,Colombia,Yerry Fernando Mina González,carry,26.0,77.0,23.0,74.0,successful,191,5572f29d-c0aa-4efb-8f30-46ba09b090fa,statsbomb
7585,4,236.76,Colombia,Yerry Fernando Mina González,pass,23.0,74.0,22.0,63.0,successful,191,a1cfab0a-3254-481d-b0ba-71ae7198a3d9,statsbomb
7585,4,237.733,Colombia,Wílmar Enrique Barrios Terán,pass,22.0,63.0,32.0,79.0,successful,191,d53d050c-3acb-43ea-980b-7286f82415cc,statsbomb
7585,4,239.173,Colombia,Santiago Arias Naranjo,carry,32.0,79.0,32.0,79.0,successful,191,b42a4622-8075-4b59-aff1-54129ce68df5,statsbomb
7585,4,240.013,Colombia,Santiago Arias Naranjo,pass,32.0,79.0,56.0,56.0,successful,191,e138af01-4703-4dde-bc3d-b93bb2e08d97,statsbomb
7585,4,241.559,Colombia,Radamel Falcao García Zárate,carry,56.0,56.0,53.0,56.0,successful,191,e561c84a-f682-404b-ab7a-599de0c923fd,statsbomb
7585,4,242.72,Colombia,Radamel Falcao García Zárate,pass,53.0,56.0,42.0,58.0,successful,191,ec97b5d7-5539-4ec8-967f-e219e469555c,statsbomb
7585,4,244.013,Colombia,Wílmar Enrique Barrios Terán,pass,42.0,58.0,65.0,50.0,incomplete,191,6301a52e-8654-44b2-ac0c-30f16f759a51,statsbomb
7585,4,247.24,England,Harry Maguire,pass,56.0,31.0,86.0,2.0,successful,191,8d7ade77-30a5-401b-ab54-476a421bdf23,statsbomb
7585,4,251.213,England,Jamie Vardy,carry,86.0,2.0,105.0,16.0,successful,191,1c961e43-cf96-4787-8cf5-b310082b2cd3,statsbomb
7585,4,253.813,Colombia,Yerry Fernando Mina González,carry,16.0,65.0,29.0,73.0,successful,191,d0ccd56a-716d-41c7-bc1e-3fd25ce240b8,statsbomb
7585,4,262.36,Colombia,Yerry Fernando Mina González,pass,29.0,73.0,66.0,58.0,incomplete,191,c9f73f9d-9e31-4298-ad40-2d1bf091e7fa,statsbomb
7585,4,264.56,England,Harry Maguire,pass,55.0,23.0,74.0,26.0,successful,192,26011a5b-8a25-4c3c-911a-05a095137984,statsbomb
7585,4,266.96,England,Jesse Lingard,pass,74.0,26.0,78.0,26.0,successful,192,06adcb72-3398-4d03-87c0-a4a666703fa6,statsbomb
7585,4,267.68,England,Harry Kane,pass,78.0,27.0,70.0,26.0,successful,192,0df721fe-1ebb-4458-8696-04fe8992e121,statsbomb
7585,4,268.973,England,Jesse Lingard,carry,70.0,26.0,71.0,35.0,successful,192,6695fd8d-c583-4452-aee9-42cebb752990,statsbomb
7585,4,270.4,England,Jesse Lingard,pass,71.0,35.0,60.0,49.0,successful,192,26f57ddd-4283-441d-828b-e2bb74930ed9,statsbomb
7585,4,272.213,England,Kyle Walker,carry,60.0,49.0,80.0,75.0,successful,192,b6b034b5-55bc-4745-95da-03d3a42caf19,statsbomb
7585,4,298.56,Colombia,Johan Andrés Mojica Palacio,pass,33.0,1.0,53.0,20.0,successful,193,3422b86a-9328-4bd1-8cf6-fb07c6d3ae93,statsbomb
7585,4,300.28,Colombia,Radamel Falcao García Zárate,carry,53.0,20.0,48.0,22.0,successful,193,37d0edac-d725-4a49-9dd5-31b92d2ce8d8,statsbomb
7585,4,301.04,Colombia,Radamel Falcao García Zárate,pass,48.0,22.0,36.0,26.0,successful,193,03f19bf5-5549-4371-8b0c-213b5417f27e,statsbomb
7585,4,302.84,Colombia,Andrés Mateus Uribe Villa,pass,36.0,26.0,34.0,78.0,successful,193,5a815ebe-7469-48b7-a3d1-0ac0fef82f1c,statsbomb
7585,4,307.08,Colombia,Juan Guillermo Cuadrado Bello,carry,34.0,78.0,35.0,78.0,successful,193,e1f08f45-de4b-41d7-8dd9-96a858fe23e7,statsbomb
7585,4,308.24,Colombia,Juan Guillermo Cuadrado Bello,pass,35.0,78.0,29.0,68.0,successful,193,1862b40d-6806-4a1a-b08c-b8937ec57132,statsbomb
7585,4,309.813,Colombia,Santiago Arias Naranjo,carry,29.0,68.0,30.0,69.0,successful,193,e1bc21e5-2e11-4a04-ab51-ccdd10a2dd04,statsbomb
7585,4,310.72,Colombia,Santiago Arias Naranjo,pass,30.0,69.0,67.0,60.0,incomplete,193,f7a74f49-f043-4405-95fe-f423ec49337a,statsbomb
7585,4,312.68,England,Harry Maguire,pass,54.0,21.0,75.0,38.0,successful,194,7404d1cc-ebf4-435d-a2fe-cf1bbc8bb4ea,statsbomb
7585,4,315.6,England,Jesse Lingard,pass,75.0,39.0,72.0,31.0,successful,194,32f91868-6206-459f-a425-90f972c74b14,statsbomb
7585,4,316.933,England,Harry Kane,carry,72.0,31.0,80.0,28.0,successful,194,7c640a71-b043-4291-ae93-b48eff6ad4b7,statsbomb
7585,4,318.04,England,Harry Kane,pass,80.0,28.0,115.0,17.0,successful,194,d7857d9b-0dfe-4399-ad52-64097c660d62,statsbomb
7585,4,321.6,England,Jamie Vardy,pass,114.0,17.0,116.0,20.0,incomplete,194,3e92c406-a1c8-4890-b66a-cc22d3346710,statsbomb
7585,4,332.96,England,Danny Rose,pass,96.0,2.0,96.0,2.0,successful,195,583cb5f2-c9cb-410a-bdb5-b06258fe50bb,statsbomb
7585,4,334.053,England,Jesse Lingard,carry,96.0,2.0,97.0,2.0,successful,195,c9882955-bba4-4e62-a99f-64725d98e8cc,statsbomb
7585,4,335.32,England,Jesse Lingard,pass,97.0,2.0,101.0,14.0,successful,195,393cc0fa-e715-4891-ad7e-9848dea715e2,statsbomb
7585,4,336.173,England,Jordan Brian Henderson,carry,101.0,14.0,96.0,15.0,successful,195,7d9ecdfb-9015-404d-8d05-aa6fad438fc9,statsbomb
7585,4,337.08,England,Jordan Brian Henderson,pass,96.0,15.0,79.0,12.0,successful,195,6e6bd128-a2d1-49c8-9295-4ec0efba6dab,statsbomb
7585,4,338.24,England,Harry Maguire,carry,79.0,12.0,86.0,19.0,successful,195,bbc9d55a-54cb-4657-bbf6-871eb58a282e,statsbomb
7585,4,340.8,England,Harry Maguire,pass,86.0,19.0,104.0,24.0,successful,195,a0f69a80-d8f9-4124-a78d-61ce7ae9372d,statsbomb
7585,4,341.52,England,Jesse Lingard,carry,104.0,24.0,105.0,24.0,successful,195,7ba321d6-9d76-4354-925e-1210a7c559b6,statsbomb
7585,4,343.36,Colombia,Wílmar Enrique Barrios Terán,pass,23.0,51.0,17.0,47.0,successful,196,a5047ccd-948d-4bd9-8a8c-f78611c318c1,statsbomb
7585,4,344.013,Colombia,Yerry Fernando Mina González,carry,17.0,47.0,20.0,44.0,successful,196,65a64489-676b-48e3-a5a7-4045685be4e0,statsbomb
7585,4,345.013,Colombia,Yerry Fernando Mina González,pass,20.0,44.0,32.0,43.0,successful,196,67df402b-4ae4-4317-b266-9d02458e3212,statsbomb
7585,4,345.973,Colombia,Luis Fernando Muriel Fruto,carry,32.0,43.0,32.0,41.0,successful,196,c9ae4b24-a72e-42ca-a044-9738f13e2280,statsbomb
7585,4,347.24,Colombia,Luis Fernando Muriel Fruto,carry,32.0,41.0,35.0,46.0,successful,196,84189207-b092-4a67-83f9-7b865879a89f,statsbomb
7585,4,348.2,Colombia,Luis Fernando Muriel Fruto,pass,35.0,46.0,43.0,51.0,incomplete,196,9c708bf5-372b-4432-874e-ff0d9b70c394,statsbomb
7585,4,350.08,England,John Stones,pass,65.0,35.0,75.0,24.0,successful,197,c229ffa3-73ad-4a9e-bf1f-67ad5cd3c82d,statsbomb
7585,4,351.053,England,Jordan Brian Henderson,carry,75.0,24.0,98.0,2.0,successful,197,58440ed5-78bf-4a4a-883d-9bd994be032a,statsbomb
7585,4,371.56,England,Danny Rose,pass,92.0,2.0,87.0,3.0,successful,198,c7e55dc4-7f4c-4cfd-bdaf-d540c39e8f42,statsbomb
7585,4,373.173,England,Harry Maguire,carry,87.0,3.0,70.0,5.0,successful,198,6f053cc9-b631-4ec6-aca2-8c21d111fdf4,statsbomb
7585,4,376.0,England,Harry Maguire,pass,70.0,5.0,64.0,36.0,successful,198,ffc581d8-5891-4219-b7b3-23516dfe0318,statsbomb
7585,4,377.56,England,Kyle Walker,carry,64.0,36.0,65.0,39.0,successful,198,a1ec5eaf-2ce6-40ae-ade7-7d6e4f22756e,statsbomb
7585,4,378.36,England,Kyle Walker,pass,65.0,39.0,74.0,42.0,successful,198,eb5e46db-84f7-446c-8508-a31432096f49,statsbomb
7585,4,380.6,England,Eric Dier,pass,75.0,42.0,104.0,14.0,successful,198,09946c18-2d01-40ed-b1d2-972657eca95b,statsbomb
7585,4,383.44,England,Jordan Brian Henderson,carry,104.0,14.0,103.0,10.0,successful,198,9ee95ea1-8686-47cd-9598-a47dac0f6b2d,statsbomb
7585,4,384.56,England,Jordan Brian Henderson,pass,103.0,10.0,91.0,8.0,successful,198,930b2be6-089e-4f4a-b16b-f1e6924cd152,statsbomb
7585,4,386.2,England,Danny Rose,carry,91.0,8.0,90.0,5.0,successful,198,c7c07ae7-78ea-48f0-91ca-d58e16c480ec,statsbomb
7585,4,386.92,England,Danny Rose,pass,90.0,5.0,99.0,2.0,successful,198,0f838cbe-0fe9-4a72-833b-379552af21a5,statsbomb
7585,4,387.813,England,Jordan Brian Henderson,carry,99.0,2.0,97.0,2.0,successful,198,8981ba68-7c83-43f3-8a9d-51a5aaee647c,statsbomb
7585,4,388.48,England,Jordan Brian Henderson,pass,97.0,2.0,82.0,7.0,successful,198,523fa62b-a059-4b3f-8f9b-5863f1c1e1bd,statsbomb
7585,4,390.0,England,Harry Maguire,carry,82.0,7.0,93.0,17.0,successful,198,11e88304-71e2-454d-8aca-2db59d7d5f70,statsbomb
7585,4,392.88,England,Harry Maguire,pass,93.0,17.0,96.0,25.0,incomplete,198,2d1ecad7-e34f-4b87-8e94-69d8952f0490,statsbomb
7585,4,394.84000000000003,England,Eric Dier,pass,84.0,27.0,67.0,22.0,successful,198,a817c73c-4d8f-40b0-be31-3ae88c167da2,statsbomb
7585,4,396.72,England,John Stones,carry,67.0,22.0,66.0,23.0,successful,198,aa9106ad-04b4-40f2-9651-98176456c664,statsbomb
7585,4,400.32,England,John Stones,pass,66.0,23.0,92.0,2.0,successful,198,01d23c50-4248-4d32-a457-ff08108a8bbd,statsbomb
7585,4,402.08,England,Danny Rose,carry,92.0,2.0,91.0,2.0,successful,198,1ae34776-514d-43fe-9a22-5d3c94663987,statsbomb
7585,4,406.24,England,Danny Rose,pass,91.0,2.0,93.0,17.0,successful,198,5cebe76c-687e-4bd6-935d-6215777dcb3b,statsbomb
7585,4,407.48,England,Jesse Lingard,carry,93.0,17.0,94.0,16.0,successful,198,7ea62ae0-1a86-428e-a852-65444a2abe0c,statsbomb
7585,4,408.2,England,Jesse Lingard,pass,94.0,16.0,103.0,12.0,successful,198,a15f2982-4a50-4dca-a60d-48feb61412a9,statsbomb
7585,4,408.88,England,Jordan Brian Henderson,carry,103.0,12.0,105.0,16.0,successful,198,69e8071f-5f67-47b9-a0ad-00d61bd519c3,statsbomb
7585,4,409.36,England,Jordan Brian Henderson,pass,105.0,16.0,113.0,25.0,successful,198,e89e6997-94fc-4345-ba02-eeb268d04730,statsbomb
7585,4,480.6,Colombia,David Ospina Ramírez,pass,6.0,41.0,64.0,5.0,incomplete,199,4eee7427-1ccc-438a-99a3-5b1a26a6641e,statsbomb
7585,4,484.2,England,Kieran Trippier,pass,75.0,68.0,93.0,62.0,incomplete,199,0f26663b-994d-430a-afeb-4aa30fd85e56,statsbomb
7585,4,488.12,Colombia,Davinson Sánchez Mina,carry,28.0,19.0,25.0,18.0,successful,199,60b4f439-29e2-4c8f-9031-47263c4dcf4a,statsbomb
7585,4,489.24,Colombia,Davinson Sánchez Mina,pass,25.0,18.0,80.0,45.0,incomplete,199,f706f564-e902-45e2-a7f1-eb403047857b,statsbomb
7585,4,492.89300000000003,England,Harry Maguire,pass,41.0,36.0,57.0,34.0,successful,200,a0416adf-8224-47c5-964b-3bb5cefa7be4,statsbomb
7585,4,494.093,England,Marcus Rashford,carry,57.0,34.0,52.0,35.0,successful,200,2904565a-b949-4b18-a34a-f59e75a91bd4,statsbomb
7585,4,495.16,England,Marcus Rashford,pass,52.0,35.0,37.0,40.0,successful,200,2ef002f0-db1a-4cbc-be0a-bf9df6f4f3ec,statsbomb
7585,4,496.36,England,John Stones,carry,37.0,40.0,39.0,41.0,successful,200,309fb41e-8ae2-4d59-8857-b54a68e2e11f,statsbomb
7585,4,501.2,England,John Stones,pass,39.0,41.0,31.0,58.0,successful,200,1f3c9140-9005-451b-bee1-3e179ec8d58d,statsbomb
7585,4,502.32,England,Eric Dier,carry,31.0,58.0,31.0,60.0,successful,200,e46aeb52-792f-4bfc-bfd6-9f5e25fb3da3,statsbomb
7585,4,503.04,England,Eric Dier,pass,31.0,60.0,40.0,76.0,successful,200,86cbd7b0-83dd-4681-829c-1a79980b71f3,statsbomb
7585,4,504.2,England,Kieran Trippier,carry,40.0,76.0,51.0,79.0,successful,200,b96d6ad7-3f67-40c6-95c3-2538df91f2d5,statsbomb
7585,4,505.52,England,Kieran Trippier,pass,51.0,79.0,99.0,62.0,successful,200,4061de0c-5e5d-4cee-8efa-9a8a0d62add1,statsbomb
7585,4,508.32,England,Jamie Vardy,carry,99.0,62.0,117.0,70.0,successful,200,a81c28d5-62c4-456a-ac39-4d9bb323fa32,statsbomb
7585,4,510.88,England,Jamie Vardy,pass,117.0,70.0,119.0,47.0,incomplete,200,3c4c4043-4512-4318-8183-4d6b72ece524,statsbomb
7585,4,544.56,England,Kieran Trippier,pass,119.0,79.0,114.0,44.0,successful,201,b0425c99-ddaf-44df-89f4-8ed9829d58a3,statsbomb
7585,4,630.64,Colombia,David Ospina Ramírez,pass,7.0,37.0,68.0,12.0,incomplete,202,602f7f50-f584-4852-bb68-fb86108d80d6,statsbomb
7585,4,634.32,England,Eric Dier,pass,53.0,70.0,46.0,77.0,successful,203,2a7ba802-fdec-48bb-892c-4c72540510cd,statsbomb
7585,4,635.893,England,Kieran Trippier,pass,45.0,79.0,74.0,54.0,incomplete,203,8ea172cd-76e8-4d90-97f2-5a5308fcbb8b,statsbomb
7585,4,638.16,Colombia,Yerry Fernando Mina González,pass,47.0,27.0,71.0,40.0,incomplete,203,d70a0083-193a-46d5-9e55-84e96794f47f,statsbomb
7585,4,641.04,England,Harry Maguire,pass,50.0,41.0,61.0,43.0,successful,203,b3fea008-acbd-4ec0-aafe-c9124098f488,statsbomb
7585,4,642.453,England,Harry Kane,carry,61.0,43.0,72.0,30.0,successful,203,1a089928-5744-4867-b8b1-a509f51dcd6d,statsbomb
7585,4,646.52,England,Harry Kane,pass,72.0,30.0,84.0,34.0,successful,203,a26c3c0e-77d7-4428-9ade-3dba0b15789f,statsbomb
7585,4,647.573,England,Jesse Lingard,pass,84.0,35.0,86.0,23.0,successful,203,05307145-3281-4e43-aeb1-32bab93647e4,statsbomb
7585,4,648.253,England,Harry Kane,carry,86.0,23.0,85.0,26.0,successful,203,bcabb58e-f263-475a-ba9b-774eb9d55be2,statsbomb
7585,4,649.12,Colombia,Juan Guillermo Cuadrado Bello,carry,28.0,63.0,30.0,64.0,successful,204,b52aead2-e192-4d52-aabb-a35ac0e261d2,statsbomb
7585,4,650.4,Colombia,Juan Guillermo Cuadrado Bello,pass,30.0,64.0,66.0,78.0,successful,204,27b4595c-0582-4b7b-8d32-f8db5c1823c0,statsbomb
7585,4,654.04,Colombia,Carlos Arturo Bacca Ahumada,carry,66.0,78.0,66.0,78.0,successful,204,014f40e0-a504-491a-8a91-476cb236ba0c,statsbomb
7585,4,655.24,Colombia,Carlos Arturo Bacca Ahumada,pass,66.0,78.0,53.0,53.0,successful,204,1a213c2f-c44c-428b-90c1-fd94de57fcf8,statsbomb
7585,4,657.08,Colombia,Wílmar Enrique Barrios Terán,carry,53.0,53.0,57.0,53.0,successful,204,822b023a-8b10-4940-b15c-5713cd468da7,statsbomb
7585,4,658.28,Colombia,Wílmar Enrique Barrios Terán,pass,57.0,53.0,59.0,21.0,successful,204,5a658aba-8c34-42a4-8dea-e87b2df103d8,statsbomb
7585,4,660.173,Colombia,Johan Andrés Mojica Palacio,carry,59.0,21.0,65.0,12.0,successful,204,6b4197d3-7448-4bf2-89bf-e3e1f5cd5d44,statsbomb
7585,4,662.48,Colombia,Johan Andrés Mojica Palacio,pass,65.0,12.0,71.0,3.0,successful,204,e54e391f-7092-43bd-9bec-b69dc2b5b178,statsbomb
7585,4,663.173,Colombia,Luis Fernando Muriel Fruto,carry,71.0,3.0,67.0,5.0,successful,204,3e7ab3c6-1da0-4177-83c6-2cec23787266,statsbomb
7585,4,664.08,Colombia,Luis Fernando Muriel Fruto,pass,67.0,5.0,51.0,16.0,successful,204,35098a4c-9df1-453b-8934-adc3c22a54cd,statsbomb
7585,4,665.373,Colombia,Davinson Sánchez Mina,carry,51.0,16.0,51.0,16.0,successful,204,6c8133fe-8b9e-4cba-8c9d-2cedcf144996,statsbomb
7585,4,666.08,Colombia,Davinson Sánchez Mina,pass,51.0,16.0,52.0,30.0,successful,204,aafcfc1a-7a66-4564-96f0-63d102815092,statsbomb
7585,4,666.893,Colombia,Wílmar Enrique Barrios Terán,carry,52.0,30.0,50.0,30.0,successful,204,3e26058d-b9c5-4c0e-a336-2d268cfa985e,statsbomb
7585,4,669.96,Colombia,Wílmar Enrique Barrios Terán,pass,50.0,30.0,54.0,77.0,successful,204,46b030d5-2638-4614-b43c-a26579f29bab,statsbomb
7585,4,671.84,Colombia,Cristian Eduardo Zapata Valencia,carry,54.0,77.0,55.0,77.0,successful,204,9036d211-2dcb-4f94-80a1-23c83dd67c2f,statsbomb
7585,4,673.33,Colombia,Cristian Eduardo Zapata Valencia,pass,55.0,77.0,69.0,77.0,successful,204,17c22910-c47a-4449-b9bd-982934d268d3,statsbomb
7585,4,674.573,Colombia,Juan Guillermo Cuadrado Bello,carry,69.0,77.0,79.0,79.0,successful,204,e71460ab-0885-4ee4-b422-e64a15dd6674,statsbomb
7585,4,676.8,Colombia,Juan Guillermo Cuadrado Bello,pass,79.0,79.0,120.0,11.0,out,204,8ae0be8a-1589-40e5-93f8-0642c66b42a7,statsbomb
7585,4,704.72,England,Jordan Pickford,pass,6.0,43.0,90.0,49.0,successful,205,f3b7dec6-0376-4cf0-8e42-e6a60ab45e93,statsbomb
7585,4,708.52,England,Harry Kane,pass,89.0,49.0,103.0,46.0,incomplete,205,f11c87ff-ef9c-4abc-b2a4-b34182fc928c,statsbomb
7585,4,709.88,Colombia,Yerry Fernando Mina González,pass,18.0,35.0,24.0,22.0,successful,206,ffe56e74-bf62-4ed9-8e40-ce0511f5a6bd,statsbomb
7585,4,712.36,Colombia,Johan Andrés Mojica Palacio,pass,24.0,22.0,36.0,18.0,successful,206,3d09ae06-a3e9-4385-a1b2-640e3362bf9b,statsbomb
7585,4,713.573,Colombia,Luis Fernando Muriel Fruto,carry,36.0,18.0,33.0,4.0,successful,206,a28cc93b-67e4-402a-b772-8d7f26d5acc2,statsbomb
7585,4,721.2,England,Kieran Trippier,pass,86.0,79.0,78.0,73.0,successful,207,55c84355-6382-4dc3-bb51-bb006b34089a,statsbomb
7585,4,722.333,England,Jordan Brian Henderson,carry,78.0,73.0,74.0,66.0,successful,207,7235816f-d705-4435-845b-81fbab4b1f52,statsbomb
7585,4,724.56,England,Jordan Brian Henderson,pass,74.0,66.0,60.0,66.0,successful,207,33c5b600-a63c-43ab-8ded-7990ac250505,statsbomb
7585,4,726.04,England,Eric Dier,carry,60.0,66.0,58.0,57.0,successful,207,9ebca236-dd3f-4ec6-9d5c-391de36bb815,statsbomb
7585,4,727.68,England,Eric Dier,pass,58.0,57.0,58.0,27.0,successful,207,33d42fe8-77cb-4ece-ae04-c1314f99b788,statsbomb
7585,4,729.44,England,Harry Maguire,carry,58.0,27.0,71.0,16.0,successful,207,d37d86bc-24de-4f86-80ba-a6651898f716,statsbomb
7585,4,733.04,England,Harry Maguire,pass,71.0,16.0,89.0,2.0,successful,207,6003786d-4bf1-4659-b933-137a804d7997,statsbomb
7585,4,734.28,England,Danny Rose,carry,89.0,2.0,91.0,2.0,successful,207,78e902db-53b9-4777-b468-5877dd1eb42e,statsbomb
7585,4,774.32,England,Danny Rose,pass,92.0,4.0,116.0,44.0,incomplete,208,c513b018-2a58-4cf9-a5d9-6109abfaf9ec,statsbomb
7585,4,806.32,England,Kieran Trippier,pass,109.0,80.0,113.0,45.0,successful,209,a569d464-d100-4045-8529-d657fd4cc4a6,statsbomb
7585,4,814.893,England,Eric Dier,carry,65.0,21.0,53.0,20.0,successful,209,4db38457-7fa1-4c58-857c-e88b94877e89,statsbomb
7585,4,817.12,England,Eric Dier,pass,53.0,20.0,53.0,40.0,successful,209,b1efa80e-7709-43a2-bb56-85ecaa02dbc6,statsbomb
7585,4,819.0,England,Marcus Rashford,carry,53.0,40.0,51.0,41.0,successful,209,a89f812a-c255-459a-a226-730a65303db4,statsbomb
7585,4,819.8,England,Marcus Rashford,pass,51.0,41.0,57.0,74.0,successful,209,a545520c-fcc3-40e7-92bb-1bf6eb42c970,statsbomb
7585,4,821.28,England,Kieran Trippier,carry,57.0,74.0,59.0,73.0,successful,209,4b407c64-c2ae-4ad7-9880-a2b7b3343447,statsbomb
7585,4,822.373,England,Kieran Trippier,pass,59.0,73.0,63.0,59.0,successful,209,7180c3e1-57fa-4e43-b0e7-d365738130fa,statsbomb
7585,4,823.413,England,John Stones,carry,63.0,59.0,58.0,66.0,successful,209,1b4b9e33-3ae3-4031-b03c-c025e4410341,statsbomb
7585,4,826.04,England,John Stones,pass,58.0,66.0,17.0,45.0,successful,209,8768d953-c1f5-4de2-ae37-12d88ce08ccf,statsbomb
7585,4,829.413,England,Jordan Pickford,carry,17.0,45.0,19.0,41.0,successful,209,8811d9fa-fa38-4786-a3a4-0d628fc8017c,statsbomb
7585,4,831.72,England,Jordan Pickford,pass,19.0,41.0,94.0,16.0,incomplete,209,0beb173e-e3a5-4bbd-9722-dcfba4765124,statsbomb
7585,4,840.28,England,Jordan Brian Henderson,pass,58.0,35.0,47.0,38.0,successful,209,abf24cfb-162c-416f-9504-f1d6099ec650,statsbomb
7585,4,842.013,England,Eric Dier,carry,47.0,38.0,51.0,33.0,successful,209,4d8f1428-0393-4018-88b4-024e66cdff2f,statsbomb
7585,4,842.92,England,Eric Dier,pass,51.0,33.0,50.0,18.0,successful,209,3411f4c9-48e6-4eca-a119-fe2396cc77d2,statsbomb
7585,4,845.213,England,Harry Maguire,carry,50.0,18.0,62.0,18.0,successful,209,4db24542-91ef-455c-ab8e-73504621432b,statsbomb
7585,4,848.96,England,Harry Maguire,pass,62.0,18.0,68.0,3.0,successful,209,6f54a00e-8a7d-48d5-aeb4-54ce44cc15f6,statsbomb
7585,4,850.373,England,Danny Rose,carry,68.0,3.0,67.0,4.0,successful,209,7b9055a1-5103-4a89-b939-de82ff3c27c8,statsbomb
7585,4,851.04,England,Danny Rose,pass,67.0,4.0,76.0,6.0,successful,209,d1834c3a-90cb-4349-acd4-0927066bea45,statsbomb
7585,4,851.893,England,Marcus Rashford,carry,76.0,6.0,68.0,5.0,successful,209,840f4c8c-804f-402b-a975-b884cbd2bd34,statsbomb
7585,4,852.88,England,Marcus Rashford,pass,68.0,5.0,65.0,8.0,successful,209,00d2edf6-4b7e-4a81-a7b9-0d5e7ab9412c,statsbomb
7585,4,853.613,England,Harry Maguire,carry,65.0,8.0,62.0,7.0,successful,209,431a4b66-3a76-4b03-99db-966419e3531a,statsbomb
7585,4,855.08,England,Harry Maguire,pass,62.0,7.0,55.0,53.0,successful,209,842aada8-63f7-4c4a-8863-b5bcf372fe53,statsbomb
7585,4,857.56,England,John Stones,pass,55.0,53.0,68.0,51.0,successful,209,c8d9724d-8d9b-4c2e-93de-fb0941e24719,statsbomb
7585,4,860.24,England,Jordan Brian Henderson,pass,69.0,51.0,81.0,36.0,successful,209,bcb667a9-b731-4764-a743-0f9ac857cbbd,statsbomb
7585,4,861.44,England,Marcus Rashford,carry,81.0,36.0,85.0,41.0,successful,209,8fb6d62a-0bc0-4a55-9677-7de81785af80,statsbomb
7585,4,864.44,England,Marcus Rashford,pass,85.0,41.0,80.0,74.0,successful,209,b06b664e-f2d1-46e2-9ae5-90bfd8efe520,statsbomb
7585,4,865.813,England,Kieran Trippier,carry,80.0,74.0,81.0,73.0,successful,209,4dd82035-a734-4ce9-8393-cb29fee33070,statsbomb
7585,4,866.4,England,Kieran Trippier,pass,81.0,73.0,82.0,74.0,incomplete,209,97e371cb-c119-4a86-ab80-46e97114a1f3,statsbomb
7585,4,869.2,Colombia,Johan Andrés Mojica Palacio,carry,57.0,12.0,57.0,13.0,successful,210,5729a812-d08b-4765-8727-84f13a89ebf7,statsbomb
7585,4,895.68,Colombia,Johan Andrés Mojica Palacio,pass,64.0,1.0,83.0,5.0,successful,211,b5e75b88-e649-4b07-be8c-a88e74572673,statsbomb
7585,4,896.84,Colombia,Radamel Falcao García Zárate,carry,83.0,5.0,78.0,6.0,successful,211,0bb8acac-3f20-4c93-adb0-ae4a3b3323dd,statsbomb
7585,4,921.04,England,John Stones,pass,23.0,69.0,34.0,76.0,incomplete,211,dc15946b-6f1a-4a49-a5bf-b76c24b5b824,statsbomb
7585,4,922.6,Colombia,Johan Andrés Mojica Palacio,pass,87.0,5.0,75.0,70.0,successful,211,7506a72e-ff27-4940-a22a-a57f3781def2,statsbomb
7585,4,926.0,Colombia,Juan Guillermo Cuadrado Bello,carry,75.0,70.0,79.0,65.0,successful,211,4cd34c33-e820-4394-968f-57f0207e7573,statsbomb
7585,4,927.92,Colombia,Juan Guillermo Cuadrado Bello,pass,79.0,65.0,103.0,25.0,successful,211,28c18afb-2f16-4eea-83a2-a7f4c8a0042a,statsbomb
7585,4,930.6,Colombia,Radamel Falcao García Zárate,pass,103.0,25.0,104.0,16.0,successful,211,67e3b0b8-cf7f-47f8-ab09-b441ed7f2d11,statsbomb
7585,4,931.693,Colombia,Johan Andrés Mojica Palacio,carry,104.0,16.0,117.0,14.0,successful,211,d4cdc53f-6100-425d-ba43-8434aac9026c,statsbomb
7585,4,937.28,Colombia,Johan Andrés Mojica Palacio,carry,117.0,14.0,116.0,15.0,successful,211,0f1c0228-4a59-4e1b-b00f-06e6840493b7,statsbomb
7585,4,962.32,England,Harry Kane,pass,89.0,58.0,88.0,79.0,out,212,230510b9-8d60-45f0-96ad-9e909476a43d,statsbomb
